Name,Career Start,Career End,Innings Bowled In,Balls Bowled,Runs Conceded,Wickets Taken,Best Bowling In An Innings,Bowling Avg,Economy Rate,Bowling Strike Rate,Four Wickets In An Innings,Five Wickets In An Innings
SCJ Broad,2006,2014,55.0,1171.0,1491.0,65.0,4/24,22.93,7.62,18.0,1.0,0.0
GP Swann,2008,2012,38.0,810.0,859.0,51.0,3/13,16.84,6.36,15.8,0.0,0.0
CJ Jordan,2014,2018,35.0,764.0,1120.0,40.0,4/28,28.0,8.77,19.1,1.0,0.0
JW Dernbach,2011,2014,33.0,702.0,1020.0,39.0,4/22,26.15,8.71,18.0,1.0,0.0
AU Rashid,2009,2018,31.0,654.0,818.0,31.0,3/11,26.38,7.5,21.0,0.0,0.0
DJ Willey,2015,2018,24.0,489.0,691.0,28.0,3/20,24.67,8.44,17.5,0.0,0.0
ST Finn,2011,2015,21.0,480.0,583.0,27.0,3/16,21.59,7.28,17.7,0.0,0.0
TT Bresnan,2006,2014,34.0,661.0,887.0,24.0,3/10,36.95,8.02,27.6,0.0,0.0
LE Plunkett,2006,2018,20.0,433.0,575.0,23.0,3/21,25.0,7.93,18.9,0.0,0.0
RJ Sidebottom,2007,2010,18.0,366.0,437.0,23.0,3/16,19.0,7.14,15.9,0.0,0.0
JM Anderson,2007,2009,19.0,421.0,552.0,18.0,3/23,30.66,7.84,23.4,0.0,0.0
LJ Wright,2007,2014,23.0,330.0,465.0,18.0,2/24,25.83,8.45,18.3,0.0,0.0
RS Bopara,2008,2014,21.0,320.0,387.0,16.0,4/10,24.18,7.21,20.1,1.0,0.0
PD Collingwood,2005,2011,19.0,222.0,329.0,16.0,4/22,20.56,8.89,13.8,1.0,0.0
MM Ali,2014,2018,22.0,361.0,519.0,15.0,2/21,34.6,8.6,24.1,0.0,0.0
AD Mascarenhas,2007,2009,14.0,252.0,309.0,12.0,3/18,25.75,7.35,21.0,0.0,0.0
MH Yardy,2006,2011,13.0,276.0,299.0,11.0,2/19,27.18,6.5,25.0,0.0,0.0
BA Stokes,2011,2018,18.0,332.0,496.0,10.0,3/26,49.6,8.91,33.4,0.0,0.0
MA Wood,2015,2018,4.0,85.0,139.0,8.0,3/26,17.37,9.58,10.8,0.0,0.0
TK Curran,2017,2018,7.0,150.0,235.0,7.0,3/33,33.57,9.4,21.4,0.0,0.0
SR Patel,2011,2013,15.0,252.0,321.0,7.0,2/6,45.85,7.64,36.0,0.0,0.0
JC Tredwell,2012,2014,15.0,315.0,416.0,7.0,1/16,59.42,7.87,45.2,0.0,0.0
CR Woakes,2011,2015,8.0,162.0,253.0,7.0,2/40,36.14,9.37,23.1,0.0,0.0
JE Root,2012,2018,9.0,84.0,139.0,6.0,2/9,23.16,9.92,14.0,0.0,0.0
DR Briggs,2012,2014,6.0,108.0,199.0,5.0,2/25,39.8,11.05,21.6,0.0,0.0
LA Dawson,2016,2018,6.0,120.0,152.0,5.0,3/27,30.4,7.6,24.0,0.0,0.0
JL Denly,2009,2018,2.0,30.0,28.0,5.0,4/19,5.6,5.6,6.0,1.0,0.0
A Flintoff,2005,2007,7.0,150.0,161.0,5.0,2/23,32.2,6.44,30.0,0.0,0.0
RJW Topley,2015,2016,6.0,102.0,173.0,5.0,3/24,34.6,10.07,20.6,0.0,0.0
J Lewis,2005,2007,2.0,42.0,55.0,4.0,4/24,13.75,7.85,10.5,1.0,0.0
CP Schofield,2007,2007,4.0,75.0,92.0,4.0,2/15,23.0,7.16,19.2,0.0,0.0
D Gough,2005,2006,2.0,39.0,49.0,3.0,3/16,16.33,7.17,13.6,0.0,0.0
HF Gurney,2014,2014,2.0,48.0,55.0,3.0,2/26,18.33,6.87,16.0,0.0,0.0
DL Maddy,2007,2007,2.0,18.0,26.0,3.0,2/6,8.66,8.66,6.0,0.0,0.0
SI Mahmood,2006,2009,4.0,84.0,155.0,3.0,1/31,51.66,11.07,28.0,0.0,0.0
TS Mills,2016,2017,4.0,96.0,116.0,3.0,1/27,38.66,7.25,32.0,0.0,0.0
SD Parry,2014,2015,5.0,96.0,138.0,3.0,2/33,46.0,8.62,32.0,0.0,0.0
A Shahzad,2010,2011,3.0,66.0,97.0,3.0,2/38,32.33,8.81,22.0,0.0,0.0
JT Ball,2018,2018,2.0,42.0,83.0,2.0,1/39,41.5,11.85,21.0,0.0,0.0
JWM Dalrymple,2006,2007,3.0,30.0,39.0,2.0,1/10,19.5,7.8,15.0,0.0,0.0
A Khan,2009,2009,1.0,24.0,34.0,2.0,2/34,17.0,8.5,12.0,0.0,0.0
SC Meaker,2012,2012,2.0,45.0,70.0,2.0,1/28,35.0,8.93,23.5,0.0,0.0
MS Panesar,2007,2007,1.0,24.0,40.0,2.0,2/40,20.0,10.0,12.0,0.0,0.0
CT Tremlett,2007,2007,1.0,24.0,45.0,2.0,2/45,22.5,11.25,12.0,0.0,0.0
SG Borthwick,2011,2011,1.0,24.0,15.0,1.0,1/15,15.0,3.75,24.0,0.0,0.0
MS Crane,2017,2017,2.0,48.0,62.0,1.0,1/38,62.0,7.75,48.0,0.0,0.0
SJ Harmison,2005,2006,2.0,37.0,42.0,1.0,1/13,42.0,6.46,39.0,0.0,0.0
DJ Malan,2017,2018,1.0,12.0,27.0,1.0,1/27,27.0,13.5,12.0,0.0,0.0
KP Pietersen,2005,2013,3.0,30.0,53.0,1.0,1/27,53.0,10.6,30.0,0.0,0.0
WB Rankin,2013,2013,1.0,24.0,24.0,1.0,1/24,24.0,6.0,24.0,0.0,0.0
GJ Batty,2009,2009,1.0,18.0,17.0,0.0,,,5.66,,0.0,0.0
RJ Kirtley,2007,2007,1.0,6.0,17.0,0.0,,,17.0,,0.0,0.0
JN Snape,2007,2007,1.0,6.0,12.0,0.0,,,12.0,,0.0,0.0
TR Ambrose,2008,2008,,,,,,,,,,
JM Bairstow,2011,2018,,,,,,,,,,
IR Bell,2006,2014,,,,,,,,,,
SW Billings,2015,2018,,,,,,,,,,
JC Buttler,2011,2018,,,,,,,,,,
MA Carberry,2014,2014,,,,,,,,,,
AN Cook,2007,2009,,,,,,,,,,
SM Davies,2009,2011,,,,,,,,,,
JS Foster,2009,2009,,,,,,,,,,
AD Hales,2011,2018,,,,,,,,,,
GO Jones,2005,2006,,,,,,,,,,
EC Joyce,2006,2007,,,,,,,,,,
RWT Key,2009,2009,,,,,,,,,,
C Kieswetter,2010,2012,,,,,,,,,,
LS Livingstone,2017,2017,,,,,,,,,,
MJ Lumb,2010,2014,,,,,,,,,,
EJG Morgan,2009,2018,,,,,,,,,,
P Mustard,2008,2008,,,,,,,,,,
PA Nixon,2007,2007,,,,,,,,,,
MJ Prior,2007,2010,,,,,,,,,,
CMW Read,2006,2006,,,,,,,,,,
JJ Roy,2014,2018,,,,,,,,,,
OA Shah,2007,2009,,,,,,,,,,
VS Solanki,2005,2007,,,,,,,,,,
AJ Strauss,2005,2009,,,,,,,,,,
ME Trescothick,2005,2006,,,,,,,,,,
IJL Trott,2007,2010,,,,,,,,,,
MP Vaughan,2005,2007,,,,,,,,,,
JM Vince,2015,2018,,,,,,,,,,
SR Watson,2006,2016,49.0,930.0,1187.0,48.0,4/15,24.72,7.65,19.3,1.0,0.0
MG Johnson,2007,2013,30.0,655.0,797.0,38.0,3/15,20.97,7.28,17.2,0.0,0.0
AJ Tye,2016,2018,25.0,549.0,815.0,37.0,4/23,22.02,8.87,14.8,1.0,0.0
JP Faulkner,2012,2017,24.0,513.0,684.0,36.0,5/27,19.0,7.96,14.3,0.0,1.0
MA Starc,2012,2018,23.0,523.0,592.0,31.0,3/11,19.09,6.76,16.9,0.0,0.0
NM Coulter-Nile,2013,2018,25.0,540.0,743.0,30.0,4/31,24.76,8.25,18.0,1.0,0.0
B Lee,2005,2012,25.0,543.0,714.0,28.0,3/23,25.5,7.86,19.4,0.0,0.0
SW Tait,2007,2016,21.0,476.0,589.0,28.0,3/13,21.03,7.39,17.0,0.0,0.0
DP Nannes,2009,2010,14.0,318.0,403.0,27.0,4/18,14.92,7.6,11.7,1.0,0.0
GJ Maxwell,2012,2018,40.0,564.0,704.0,26.0,3/10,27.07,7.48,21.6,0.0,0.0
B Stanlake,2017,2018,17.0,372.0,502.0,25.0,4/8,20.08,8.09,14.8,1.0,0.0
PJ Cummins,2011,2017,18.0,414.0,472.0,23.0,3/15,20.52,6.84,18.0,0.0,0.0
A Zampa,2016,2018,19.0,402.0,402.0,22.0,3/16,18.27,6.0,18.2,0.0,0.0
NW Bracken,2006,2009,19.0,375.0,438.0,19.0,3/11,23.05,6.97,19.8,0.0,0.0
DJ Hussey,2008,2012,25.0,360.0,392.0,19.0,3/25,20.63,6.51,19.0,0.0,0.0
SPD Smith,2010,2016,17.0,289.0,377.0,17.0,3/20,22.17,7.77,17.1,0.0,0.0
SR Clark,2006,2007,9.0,216.0,237.0,13.0,4/20,18.23,6.58,16.6,1.0,0.0
DT Christian,2010,2017,16.0,211.0,317.0,11.0,3/27,28.81,8.92,19.3,0.0,0.0
AC Agar,2016,2018,15.0,264.0,329.0,10.0,3/27,32.9,7.47,26.4,0.0,0.0
XJ Doherty,2012,2013,11.0,228.0,300.0,10.0,3/20,30.0,7.89,22.8,0.0,0.0
JR Hopes,2005,2010,12.0,222.0,283.0,10.0,2/26,28.3,7.64,22.2,0.0,0.0
DE Bollinger,2011,2014,9.0,210.0,249.0,9.0,1/22,27.66,7.11,23.3,0.0,0.0
BW Hilfenhaus,2007,2012,7.0,156.0,161.0,9.0,2/15,17.88,6.19,17.3,0.0,0.0
JA Richardson,2017,2018,7.0,156.0,211.0,9.0,2/32,23.44,8.11,17.3,0.0,0.0
KW Richardson,2014,2018,9.0,204.0,299.0,9.0,3/33,33.22,8.79,22.6,0.0,0.0
MP Stoinis,2015,2018,15.0,229.0,319.0,9.0,2/27,35.44,8.32,25.5,0.0,0.0
CJ Boyce,2014,2016,7.0,138.0,152.0,8.0,2/10,19.0,6.6,17.2,0.0,0.0
JR Hazlewood,2013,2016,7.0,168.0,269.0,8.0,4/30,33.62,9.6,21.0,1.0,0.0
A Symonds,2005,2009,12.0,183.0,277.0,8.0,2/14,34.62,8.98,23.1,0.0,0.0
JW Hastings,2010,2016,9.0,186.0,247.0,7.0,3/14,35.28,7.96,26.5,0.0,0.0
GB Hogg,2006,2014,15.0,294.0,373.0,7.0,2/31,53.28,7.61,42.0,0.0,0.0
MJ Clarke,2005,2010,15.0,156.0,225.0,6.0,1/2,37.5,8.65,26.0,0.0,0.0
MR Marsh,2011,2018,9.0,114.0,156.0,6.0,2/6,26.0,8.21,19.0,0.0,0.0
JM Muirhead,2014,2014,5.0,90.0,109.0,6.0,2/13,18.16,7.26,15.0,0.0,0.0
SNJ O'Keefe,2010,2011,7.0,114.0,149.0,6.0,3/29,24.83,7.84,19.0,0.0,0.0
JP Behrendorff,2017,2018,4.0,60.0,84.0,5.0,4/21,16.8,8.4,12.0,1.0,0.0
MS Kasprowicz,2005,2005,2.0,42.0,57.0,5.0,4/29,11.4,8.14,8.4,1.0,0.0
GD McGrath,2005,2005,2.0,48.0,79.0,5.0,3/31,15.8,9.87,9.6,0.0,0.0
RJ Harris,2010,2010,3.0,68.0,95.0,4.0,2/27,23.75,8.14,17.5,0.0,0.0
MC Henriques,2009,2017,7.0,102.0,158.0,4.0,2/35,39.5,9.29,25.5,0.0,0.0
ML Lewis,2006,2006,2.0,43.0,49.0,4.0,2/18,12.25,6.53,11.2,0.0,0.0
CJ McKay,2010,2013,6.0,134.0,183.0,4.0,2/24,45.75,8.07,34.0,0.0,0.0
AA Noffke,2007,2008,2.0,43.0,41.0,4.0,3/18,10.25,5.46,11.2,0.0,0.0
SM Boland,2016,2016,3.0,66.0,90.0,3.0,3/26,30.0,8.18,22.0,0.0,0.0
Fawad Ahmed,2013,2013,2.0,48.0,68.0,3.0,3/25,22.66,8.5,16.0,0.0,0.0
SM Harwood,2007,2009,3.0,72.0,113.0,3.0,2/21,37.66,9.41,24.0,0.0,0.0
JL Pattinson,2011,2012,4.0,78.0,104.0,3.0,2/17,34.66,8.0,26.0,0.0,0.0
PM Siddle,2009,2010,2.0,48.0,58.0,3.0,2/24,19.33,7.25,16.0,0.0,0.0
AJ Turner,2017,2017,3.0,36.0,42.0,3.0,2/12,14.0,7.0,12.0,0.0,0.0
B Geeves,2009,2009,1.0,19.0,35.0,2.0,2/35,17.5,10.5,10.0,0.0,0.0
NM Hauritz,2009,2009,2.0,43.0,47.0,2.0,1/20,23.5,6.4,22.0,0.0,0.0
B Laughlin,2009,2013,3.0,69.0,118.0,2.0,1/32,59.0,9.97,35.5,0.0,0.0
DJM Short,2018,2018,7.0,84.0,112.0,2.0,1/13,56.0,8.0,42.0,0.0,0.0
MJ Swepson,2018,2018,1.0,24.0,37.0,2.0,2/37,18.5,9.25,12.0,0.0,0.0
AC Voges,2007,2013,1.0,12.0,5.0,2.0,2/5,2.5,2.5,6.0,0.0,0.0
SA Abbott,2014,2014,3.0,36.0,47.0,1.0,1/17,47.0,7.83,36.0,0.0,0.0
BCJ Cutting,2013,2014,4.0,66.0,99.0,1.0,1/18,99.0,9.0,66.0,0.0,0.0
JN Gillespie,2005,2005,1.0,24.0,49.0,1.0,1/49,49.0,12.25,24.0,0.0,0.0
TM Head,2016,2018,3.0,24.0,39.0,1.0,1/16,39.0,9.75,24.0,0.0,0.0
BJ Hodge,2007,2014,3.0,30.0,43.0,1.0,1/13,43.0,8.6,30.0,0.0,0.0
NM Lyon,2016,2018,2.0,30.0,48.0,1.0,1/33,48.0,9.6,30.0,0.0,0.0
CL White,2007,2014,5.0,42.0,51.0,1.0,1/11,51.0,7.28,42.0,0.0,0.0
JD Wildermuth,2018,2018,2.0,18.0,32.0,1.0,1/16,32.0,10.66,18.0,0.0,0.0
AJ Finch,2011,2018,2.0,12.0,27.0,0.0,,,13.5,,0.0,0.0
MEK Hussey,2005,2012,1.0,6.0,5.0,0.0,,,5.0,,0.0,0.0
GJ Bailey,2012,2016,,,,,,,,,,
CT Bancroft,2016,2016,,,,,,,,,,
TR Birt,2010,2012,,,,,,,,,,
AT Carey,2018,2018,,,,,,,,,,
BR Dunk,2014,2017,,,,,,,,,,
CJ Ferguson,2009,2009,,,,,,,,,,
AC Gilchrist,2005,2008,,,,,,,,,,
BJ Haddin,2006,2014,,,,,,,,,,
ML Hayden,2005,2007,,,,,,,,,,
PJ Hughes,2014,2014,,,,,,,,,,
SM Katich,2005,2006,,,,,,,,,,
UT Khawaja,2016,2016,,,,,,,,,,
M Klinger,2017,2017,,,,,,,,,,
CA Lynn,2014,2018,,,,,,,,,,
BR McDermott,2018,2018,,,,,,,,,,
NJ Maddinson,2013,2018,,,,,,,,,,
SE Marsh,2008,2016,,,,,,,,,,
DR Martyn,2005,2006,,,,,,,,,,
PM Nevill,2016,2016,,,,,,,,,,
MJ North,2009,2009,,,,,,,,,,
TD Paine,2009,2017,,,,,,,,,,
LA Pomersbach,2007,2007,,,,,,,,,,
RT Ponting,2005,2009,,,,,,,,,,
NJ Reardon,2014,2014,,,,,,,,,,
BJ Rohrer,2013,2013,,,,,,,,,,
L Ronchi,2008,2009,,,,,,,,,,
MS Wade,2011,2016,,,,,,,,,,
DA Warner,2009,2018,,,,,,,,,,
Imran Tahir,2013,2018,34.0,759.0,838.0,60.0,5/23,13.96,6.6,12.6,2.0,2.0
DW Steyn,2007,2016,42.0,900.0,1009.0,58.0,4/9,17.39,6.71,15.5,2.0,0.0
M Morkel,2007,2017,41.0,878.0,1097.0,46.0,4/17,23.84,7.47,19.1,2.0,0.0
WD Parnell,2009,2017,39.0,747.0,1038.0,41.0,4/13,25.31,8.31,18.2,1.0,0.0
J Botha,2006,2012,39.0,774.0,823.0,37.0,3/16,22.24,6.37,20.9,0.0,0.0
KJ Abbott,2013,2016,21.0,434.0,579.0,26.0,3/20,22.26,7.96,16.7,0.0,0.0
JA Morkel,2005,2015,46.0,645.0,864.0,26.0,3/12,33.23,8.01,24.8,0.0,0.0
CH Morris,2012,2018,18.0,390.0,541.0,25.0,4/27,21.64,8.32,15.6,1.0,0.0
RJ Peterson,2006,2014,19.0,357.0,451.0,24.0,3/28,18.79,7.53,14.9,0.0,0.0
K Rabada,2014,2018,18.0,397.0,543.0,24.0,3/30,22.62,8.18,16.5,0.0,0.0
D Wiese,2013,2016,20.0,391.0,497.0,24.0,5/23,20.7,7.6,16.3,0.0,1.0
JP Duminy,2007,2018,40.0,456.0,581.0,21.0,3/18,27.66,7.62,21.7,0.0,0.0
AM Phangiso,2012,2018,16.0,342.0,443.0,20.0,3/25,22.15,7.77,17.1,0.0,0.0
LL Tsotsobe,2009,2014,23.0,468.0,541.0,18.0,3/16,30.05,6.93,26.0,0.0,0.0
CK Langeveldt,2005,2010,9.0,198.0,241.0,17.0,4/19,14.17,7.3,11.6,1.0,0.0
R McLaren,2009,2014,12.0,261.0,332.0,17.0,5/19,19.52,7.57,15.4,0.0,1.0
AL Phehlukwayo,2017,2018,15.0,261.0,349.0,16.0,3/19,21.81,7.96,16.4,0.0,0.0
SM Pollock,2005,2008,11.0,241.0,309.0,15.0,3/28,20.6,7.62,16.2,0.0,0.0
RE van der Merwe,2009,2010,13.0,264.0,305.0,14.0,2/14,21.78,6.93,18.8,0.0,0.0
JH Kallis,2005,2012,19.0,276.0,333.0,12.0,4/15,27.75,7.23,23.0,1.0,0.0
J Theron,2010,2012,9.0,193.0,261.0,12.0,4/27,21.75,8.07,16.1,1.0,0.0
CJ Dala,2018,2018,5.0,114.0,157.0,11.0,3/35,14.27,8.26,10.3,0.0,0.0
L Ngidi,2017,2018,7.0,120.0,128.0,11.0,4/19,11.63,6.4,10.9,1.0,0.0
RK Kleinveldt,2008,2013,6.0,121.0,173.0,9.0,3/18,19.22,8.5,13.5,0.0,0.0
D Paterson,2017,2018,8.0,177.0,265.0,9.0,4/32,29.44,8.88,19.8,1.0,0.0
BE Hendricks,2014,2017,7.0,138.0,219.0,8.0,2/31,27.37,9.45,17.3,0.0,0.0
JJ van der Wath,2006,2007,8.0,186.0,231.0,8.0,2/31,28.87,7.45,23.2,0.0,0.0
M de Lange,2012,2015,6.0,139.0,228.0,7.0,2/26,32.57,9.77,20.0,0.0,0.0
M Ntini,2005,2011,10.0,192.0,298.0,6.0,2/22,49.66,9.31,32.0,0.0,0.0
T Shamsi,2017,2018,9.0,180.0,257.0,6.0,2/26,42.83,8.56,30.0,0.0,0.0
R Frylinck,2017,2018,3.0,60.0,62.0,5.0,2/20,12.4,6.2,12.0,0.0,0.0
E Leie,2015,2015,2.0,36.0,48.0,4.0,3/16,12.0,8.0,9.0,0.0,0.0
VD Philander,2007,2007,6.0,81.0,114.0,4.0,2/23,28.5,8.24,20.7,0.0,0.0
F Behardien,2012,2018,3.0,30.0,27.0,3.0,2/15,9.0,5.4,10.0,0.0,0.0
AJ Hall,2006,2006,2.0,48.0,60.0,3.0,3/22,20.0,7.5,16.0,0.0,0.0
AC Thomas,2007,2007,1.0,24.0,25.0,3.0,3/25,8.33,6.25,8.0,0.0,0.0
YA Abdulla,2009,2009,2.0,42.0,44.0,2.0,1/16,22.0,6.28,21.0,0.0,0.0
J Louw,2008,2009,2.0,42.0,54.0,2.0,2/36,27.0,7.71,21.0,0.0,0.0
A Nel,2005,2007,2.0,48.0,42.0,2.0,2/19,21.0,5.25,24.0,0.0,0.0
R Telemachus,2006,2007,3.0,72.0,90.0,2.0,1/22,45.0,7.5,36.0,0.0,0.0
N Boje,2005,2005,1.0,24.0,27.0,1.0,1/27,27.0,6.75,24.0,0.0,0.0
H Davids,2012,2013,2.0,12.0,13.0,1.0,1/6,13.0,6.5,12.0,0.0,0.0
JL Ontong,2008,2015,4.0,36.0,83.0,1.0,1/25,83.0,13.83,36.0,0.0,0.0
D Pretorius,2017,2017,2.0,30.0,47.0,1.0,1/27,47.0,9.4,30.0,0.0,0.0
JT Smuts,2017,2018,6.0,74.0,101.0,1.0,1/19,101.0,7.97,76.0,0.0,0.0
M Zondeki,2006,2006,1.0,18.0,41.0,1.0,1/41,41.0,13.66,18.0,0.0,0.0
F du Plessis,2012,2018,2.0,7.0,3.0,0.0,,,2.25,,0.0,0.0
T Henderson,2006,2006,1.0,24.0,31.0,0.0,,,7.75,,0.0,0.0
JM Kemp,2005,2007,1.0,6.0,5.0,0.0,,,5.0,,0.0,0.0
GJP Kruger,2006,2006,1.0,24.0,29.0,0.0,,,7.25,,0.0,0.0
GC Smith,2005,2011,3.0,24.0,57.0,0.0,,,14.25,,0.0,0.0
HM Amla,2009,2018,,,,,,,,,,
GH Bodi,2007,2007,,,,,,,,,,
LE Bosman,2006,2010,,,,,,,,,,
MV Boucher,2005,2010,,,,,,,,,,
GL Cloete,2018,2018,,,,,,,,,,
TB de Bruyn,2017,2017,,,,,,,,,,
Q de Kock,2012,2018,,,,,,,,,,
AB de Villiers,2006,2017,,,,,,,,,,
HH Dippenaar,2006,2006,,,,,,,,,,
HH Gibbs,2005,2010,,,,,,,,,,
RR Hendricks,2014,2018,,,,,,,,,,
CA Ingram,2010,2012,,,,,,,,,,
C Jonker,2018,2018,,,,,,,,,,
H Klaasen,2018,2018,,,,,,,,,,
HG Kuhn,2009,2017,,,,,,,,,,
RE Levi,2012,2012,,,,,,,,,,
ND McKenzie,2006,2009,,,,,,,,,,
DA Miller,2010,2018,,,,,,,,,,
M Mosehle,2017,2017,,,,,,,,,,
AN Petersen,2010,2010,,,,,,,,,,
AG Prince,2005,2005,,,,,,,,,,
RR Rossouw,2014,2016,,,,,,,,,,
JA Rudolph,2006,2006,,,,,,,,,,
HE van der Dussen,2018,2018,,,,,,,,,,
VB van Jaarsveld,2009,2009,,,,,,,,,,
MN van Wyk,2007,2015,,,,,,,,,,
DJ Vilas,2012,2012,,,,,,,,,,
S Badree,2012,2018,50.0,1104.0,1121.0,54.0,4/15,20.75,6.09,20.4,1.0,0.0
DJ Bravo,2006,2016,56.0,1040.0,1470.0,52.0,4/28,28.26,8.46,20.0,2.0,0.0
SP Narine,2012,2017,46.0,1028.0,1034.0,50.0,4/12,20.68,6.02,20.6,1.0,0.0
DJG Sammy,2007,2016,57.0,878.0,1068.0,44.0,5/26,24.27,7.28,20.0,1.0,1.0
JE Taylor,2006,2018,30.0,600.0,863.0,33.0,3/6,26.15,8.63,18.1,0.0,0.0
KOK Williams,2016,2018,18.0,378.0,526.0,30.0,4/28,17.53,8.32,12.6,1.0,0.0
CR Brathwaite,2011,2018,34.0,624.0,888.0,29.0,3/20,30.62,8.53,21.5,0.0,0.0
R Rampaul,2007,2015,23.0,495.0,705.0,29.0,3/16,24.31,8.51,17.1,0.0,0.0
AD Russell,2011,2018,40.0,594.0,908.0,25.0,2/10,36.32,9.15,23.8,0.0,0.0
KA Pollard,2008,2018,38.0,510.0,710.0,23.0,3/30,30.86,8.35,22.1,0.0,0.0
MN Samuels,2007,2018,30.0,477.0,622.0,22.0,3/23,28.27,7.79,21.7,0.0,0.0
SJ Benn,2008,2016,24.0,504.0,606.0,18.0,4/6,33.66,7.21,28.0,1.0,0.0
K Santokie,2011,2014,12.0,243.0,278.0,18.0,4/21,15.44,6.8,13.6,1.0,0.0
CH Gayle,2006,2018,23.0,318.0,377.0,17.0,2/15,22.17,7.09,18.7,0.0,0.0
KMA Paul,2018,2018,13.0,290.0,394.0,17.0,5/15,23.17,8.09,17.1,0.0,1.0
SS Cottrell,2014,2018,10.0,204.0,301.0,16.0,4/28,18.81,8.8,12.8,1.0,0.0
FH Edwards,2007,2012,20.0,360.0,497.0,16.0,3/23,31.06,8.28,22.5,0.0,0.0
NO Miller,2009,2014,9.0,188.0,224.0,11.0,2/20,20.36,7.07,17.2,0.0,0.0
KAJ Roach,2008,2012,11.0,234.0,284.0,10.0,2/25,28.4,7.28,23.4,0.0,0.0
JO Holder,2014,2017,8.0,162.0,230.0,7.0,2/27,32.85,8.46,23.2,0.0,0.0
AR Nurse,2011,2018,12.0,216.0,286.0,7.0,2/6,40.85,7.94,30.8,0.0,0.0
DR Smith,2006,2015,11.0,140.0,212.0,7.0,3/24,30.28,8.95,20.2,0.0,0.0
FA Allen,2018,2018,6.0,114.0,134.0,6.0,2/19,22.33,7.05,19.0,0.0,0.0
TL Best,2013,2014,6.0,120.0,154.0,6.0,3/18,25.66,7.7,20.0,0.0,0.0
D Bishoo,2011,2015,5.0,98.0,109.0,6.0,4/17,18.16,6.54,16.6,1.0,0.0
LMP Simmons,2007,2017,3.0,36.0,55.0,6.0,4/19,9.16,9.16,6.0,1.0,0.0
O Thomas,2018,2018,6.0,138.0,223.0,5.0,2/21,44.6,9.69,27.6,0.0,0.0
RR Emrit,2018,2018,4.0,96.0,156.0,4.0,1/24,39.0,9.75,24.0,0.0,0.0
GE Mathurin,2011,2012,3.0,60.0,65.0,4.0,3/9,16.25,6.5,15.0,0.0,0.0
ST Gabriel,2013,2013,2.0,42.0,56.0,3.0,3/44,18.66,8.0,14.0,0.0,0.0
LS Baker,2008,2009,3.0,48.0,58.0,2.0,1/12,29.0,7.25,24.0,0.0,0.0
K Pierre,2018,2018,3.0,60.0,78.0,2.0,1/16,39.0,7.8,30.0,0.0,0.0
DBL Powell,2007,2007,5.0,102.0,131.0,2.0,1/6,65.5,7.7,51.0,0.0,0.0
R Powell,2017,2018,4.0,48.0,74.0,2.0,1/20,37.0,9.25,24.0,0.0,0.0
RR Sarwan,2007,2010,1.0,12.0,10.0,2.0,2/10,5.0,5.0,6.0,0.0,0.0
OF Smith,2018,2018,2.0,42.0,78.0,2.0,1/38,39.0,11.14,21.0,0.0,0.0
CD Barnwell,2011,2013,4.0,36.0,51.0,1.0,1/24,51.0,8.5,36.0,0.0,0.0
A Martin,2011,2011,1.0,18.0,20.0,1.0,1/20,20.0,6.66,18.0,0.0,0.0
GC Tonge,2009,2009,1.0,24.0,25.0,1.0,1/25,25.0,6.25,24.0,0.0,0.0
DE Bernard,2009,2009,1.0,24.0,17.0,0.0,,,4.25,,0.0,0.0
NE Bonner,2011,2012,1.0,12.0,18.0,0.0,,,9.0,,0.0,0.0
IDR Bradshaw,2006,2006,1.0,24.0,22.0,0.0,,,5.5,,0.0,0.0
DK Butler,2006,2006,1.0,18.0,22.0,0.0,,,7.33,,0.0,0.0
N Deonarine,2010,2013,4.0,54.0,87.0,0.0,,,9.66,,0.0,0.0
RN Lewis,2008,2008,1.0,6.0,9.0,0.0,,,9.0,,0.0,0.0
AM McCarthy,2018,2018,1.0,12.0,12.0,0.0,,,6.0,,0.0,0.0
JN Mohammed,2017,2018,2.0,12.0,13.0,0.0,,,6.5,,0.0,0.0
V Permaul,2018,2018,1.0,1.0,8.0,0.0,,,16.0,,0.0,0.0
AB Barath,2010,2011,,,,,,,,,,
MC Bascombe,2011,2011,,,,,,,,,,
CS Baugh,2008,2012,,,,,,,,,,
DM Bravo,2010,2018,,,,,,,,,,
S Chanderpaul,2006,2010,,,,,,,,,,
J Charles,2011,2016,,,,,,,,,,
DO Christian,2011,2011,,,,,,,,,,
TM Dowlin,2009,2010,,,,,,,,,,
SE Findlay,2008,2008,,,,,,,,,,
ADS Fletcher,2008,2018,,,,,,,,,,
D Ganga,2006,2006,,,,,,,,,,
SO Hetmyer,2018,2018,,,,,,,,,,
WW Hinds,2006,2010,,,,,,,,,,
SD Hope,2017,2018,,,,,,,,,,
DP Hyatt,2011,2012,,,,,,,,,,
E Lewis,2016,2018,,,,,,,,,,
XM Marshall,2008,2009,,,,,,,,,,
RS Morton,2006,2010,,,,,,,,,,
BA Parchment,2007,2007,,,,,,,,,,
WKD Perkins,2008,2008,,,,,,,,,,
N Pooran,2016,2018,,,,,,,,,,
KOA Powell,2014,2014,,,,,,,,,,
D Ramdin,2006,2018,,,,,,,,,,
FL Reifer,2009,2009,,,,,,,,,,
ACL Richards,2007,2007,,,,,,,,,,
DM Richards,2009,2009,,,,,,,,,,
SE Rutherford,2018,2018,,,,,,,,,,
DS Smith,2007,2009,,,,,,,,,,
DC Thomas,2009,2013,,,,,,,,,,
CAK Walton,2014,2018,,,,,,,,,,
TG Southee,2008,2018,52.0,1140.0,1629.0,63.0,5/18,25.85,8.57,18.0,0.0,1.0
NL McCullum,2007,2016,59.0,1122.0,1278.0,58.0,4/16,22.03,6.82,19.3,2.0,0.0
KD Mills,2005,2014,42.0,895.0,1228.0,43.0,3/26,28.55,8.21,20.8,0.0,0.0
DL Vettori,2007,2014,34.0,786.0,748.0,38.0,4/20,19.68,5.7,20.7,1.0,0.0
TA Boult,2013,2018,25.0,549.0,784.0,37.0,4/34,21.18,8.53,14.8,1.0,0.0
IS Sodhi,2014,2018,28.0,620.0,781.0,37.0,3/18,21.1,7.53,16.8,0.0,0.0
MJ McClenaghan,2012,2016,28.0,589.0,758.0,30.0,3/17,25.26,7.7,19.6,0.0,0.0
MJ Santner,2015,2018,26.0,519.0,620.0,29.0,4/11,21.37,7.14,17.9,1.0,0.0
SE Bond,2005,2010,20.0,463.0,543.0,25.0,3/18,21.72,7.0,18.6,0.0,0.0
AF Milne,2010,2018,21.0,435.0,541.0,25.0,4/37,21.64,7.42,17.4,1.0,0.0
IG Butler,2009,2013,18.0,356.0,481.0,23.0,3/19,20.91,8.06,15.5,0.0,0.0
JEC Franklin,2006,2013,26.0,325.0,417.0,20.0,4/15,20.85,7.65,16.3,1.0,0.0
DAJ Bracewell,2011,2018,15.0,272.0,418.0,19.0,3/25,22.0,9.15,14.4,0.0,0.0
JDP Oram,2005,2012,32.0,546.0,793.0,19.0,3/33,41.73,8.71,28.7,0.0,0.0
SB Styris,2005,2010,21.0,307.0,349.0,18.0,3/5,19.38,6.77,17.1,0.0,0.0
JS Patel,2005,2008,10.0,198.0,269.0,16.0,3/20,16.81,8.11,12.4,0.0,0.0
CJ Anderson,2012,2018,21.0,360.0,495.0,14.0,2/17,35.35,8.25,25.7,0.0,0.0
GD Elliott,2009,2016,14.0,180.0,218.0,14.0,4/22,15.57,7.26,12.8,1.0,0.0
JDS Neesham,2012,2017,13.0,194.0,259.0,11.0,3/16,23.54,7.92,17.8,0.0,0.0
C de Grandhomme,2012,2018,16.0,261.0,391.0,10.0,2/22,39.1,8.92,26.3,0.0,0.0
MR Gillespie,2006,2008,10.0,210.0,255.0,10.0,4/7,25.5,7.28,21.0,1.0,0.0
RM Hira,2012,2013,13.0,253.0,337.0,10.0,2/42,33.7,7.96,25.4,0.0,0.0
MJ Henry,2014,2017,6.0,132.0,191.0,7.0,3/44,27.28,8.68,18.8,0.0,0.0
CS Martin,2007,2008,6.0,138.0,193.0,7.0,2/14,27.57,8.39,19.7,0.0,0.0
SHA Rance,2017,2018,4.0,96.0,125.0,7.0,3/26,17.85,7.81,13.7,0.0,0.0
BM Wheeler,2017,2018,6.0,127.0,216.0,7.0,2/16,30.85,10.12,18.2,0.0,0.0
IE O'Brien,2009,2009,4.0,78.0,116.0,6.0,2/30,19.33,8.92,13.0,0.0,0.0
KS Williamson,2011,2018,12.0,116.0,164.0,6.0,2/16,27.33,8.33,19.6,0.0,0.0
RJ Nicol,2010,2013,13.0,121.0,167.0,5.0,2/20,33.4,8.14,24.6,0.0,0.0
NJ Astle,2005,2006,2.0,39.0,50.0,4.0,3/20,12.5,7.31,10.2,0.0,0.0
MD Bates,2012,2012,3.0,66.0,107.0,4.0,3/31,26.75,9.72,16.5,0.0,0.0
LH Ferguson,2017,2018,2.0,48.0,61.0,4.0,3/32,15.25,7.62,12.0,0.0,0.0
C Munro,2012,2018,12.0,116.0,186.0,4.0,1/12,46.5,9.45,29.5,0.0,0.0
AR Adams,2005,2006,4.0,75.0,105.0,3.0,2/20,35.0,8.18,25.6,0.0,0.0
DR Tuffey,2005,2010,3.0,60.0,93.0,3.0,2/16,31.0,9.3,20.0,0.0,0.0
AP Devcich,2013,2014,4.0,72.0,80.0,2.0,2/16,40.0,6.66,36.0,0.0,0.0
AM Ellis,2012,2013,4.0,60.0,105.0,2.0,2/40,52.5,10.5,30.0,0.0,0.0
PA Hitchcock,2008,2008,1.0,18.0,43.0,2.0,2/43,21.5,14.33,9.0,0.0,0.0
AK Kitchen,2017,2018,3.0,36.0,46.0,2.0,1/3,23.0,7.66,18.0,0.0,0.0
AJ McKay,2010,2010,2.0,32.0,31.0,2.0,2/20,15.5,5.47,17.0,0.0,0.0
MJ Mason,2006,2008,3.0,54.0,65.0,2.0,1/18,32.5,7.22,27.0,0.0,0.0
AJ Redmond,2009,2010,1.0,15.0,24.0,2.0,2/24,12.0,8.47,8.5,0.0,0.0
JD Ryder,2008,2014,5.0,60.0,68.0,2.0,1/2,34.0,6.8,30.0,0.0,0.0
GW Aldridge,2011,2011,1.0,24.0,45.0,1.0,1/45,45.0,11.25,24.0,0.0,0.0
CL Cairns,2005,2006,2.0,48.0,52.0,1.0,1/28,52.0,6.5,48.0,0.0,0.0
AY Patel,2018,2018,2.0,36.0,45.0,1.0,1/27,45.0,7.5,36.0,0.0,0.0
EP Thompson,2008,2008,1.0,18.0,18.0,1.0,1/18,18.0,6.0,18.0,0.0,0.0
LJ Woodcock,2010,2011,3.0,60.0,70.0,1.0,1/30,70.0,7.0,60.0,0.0,0.0
GH Worker,2015,2015,1.0,12.0,19.0,1.0,1/19,19.0,9.5,12.0,0.0,0.0
TD Astle,2016,2016,2.0,24.0,41.0,0.0,,,10.25,,0.0,0.0
BJ Diamanti,2009,2009,1.0,12.0,19.0,0.0,,,9.5,,0.0,0.0
DR Flynn,2008,2012,1.0,6.0,7.0,0.0,,,7.0,,0.0,0.0
MJ Guptill,2009,2018,1.0,6.0,11.0,0.0,,,11.0,,0.0,0.0
JW Wilson,2005,2005,1.0,24.0,43.0,0.0,,,10.75,,0.0,0.0
TA Blundell,2017,2018,,,,,,,,,,
NT Broom,2009,2017,,,,,,,,,,
DG Brownlie,2010,2014,,,,,,,,,,
TC Bruce,2017,2018,,,,,,,,,,
MS Chapman,2018,2018,,,,,,,,,,
SP Fleming,2005,2006,,,,,,,,,,
PG Fulton,2006,2012,,,,,,,,,,
GJ Hopkins,2007,2010,,,,,,,,,,
JM How,2007,2008,,,,,,,,,,
PJ Ingram,2010,2010,,,,,,,,,,
TWM Latham,2012,2017,,,,,,,,,,
BB McCullum,2005,2015,,,,,,,,,,
PD McGlashan,2006,2010,,,,,,,,,,
CD McMillan,2005,2007,,,,,,,,,,
HJH Marshall,2005,2006,,,,,,,,,,
JAH Marshall,2005,2008,,,,,,,,,,
HM Nicholls,2016,2017,,,,,,,,,,
GD Phillips,2017,2018,,,,,,,,,,
L Ronchi,2013,2017,,,,,,,,,,
HD Rutherford,2013,2013,,,,,,,,,,
TL Seifert,2018,2018,,,,,,,,,,
MS Sinclair,2005,2007,,,,,,,,,,
LRPL Taylor,2006,2018,,,,,,,,,,
L Vincent,2006,2007,,,,,,,,,,
BJ Watling,2009,2014,,,,,,,,,,
R Ashwin,2010,2017,46.0,1026.0,1193.0,52.0,4/8,22.94,6.97,19.7,2.0,0.0
JJ Bumrah,2016,2018,40.0,870.0,983.0,48.0,3/11,20.47,6.77,18.1,0.0,0.0
YS Chahal,2016,2018,27.0,631.0,825.0,44.0,6/25,18.75,7.81,14.3,2.0,1.0
A Nehra,2009,2017,27.0,588.0,758.0,34.0,3/19,22.29,7.73,17.2,0.0,0.0
Kuldeep Yadav,2017,2018,17.0,379.0,428.0,33.0,5/24,12.96,6.74,11.5,1.0,1.0
B Kumar,2012,2018,34.0,727.0,817.0,33.0,5/24,24.75,6.73,22.0,0.0,1.0
HH Pandya,2016,2018,34.0,591.0,791.0,33.0,4/38,23.96,8.0,17.9,1.0,0.0
RA Jadeja,2009,2017,40.0,810.0,983.0,31.0,3/48,31.7,7.27,26.1,0.0,0.0
IK Pathan,2006,2012,23.0,462.0,618.0,28.0,3/16,22.07,8.02,16.5,0.0,0.0
Yuvraj Singh,2007,2017,31.0,422.0,499.0,28.0,3/17,17.82,7.06,15.1,0.0,0.0
Harbhajan Singh,2006,2016,27.0,612.0,633.0,25.0,4/12,25.32,6.2,24.4,1.0,0.0
AB Dinda,2009,2012,9.0,180.0,245.0,17.0,4/19,14.41,8.16,10.5,1.0,0.0
Z Khan,2006,2012,17.0,350.0,448.0,17.0,4/19,26.35,7.63,20.7,1.0,0.0
A Mishra,2010,2017,10.0,228.0,240.0,16.0,3/24,15.0,6.31,14.2,0.0,0.0
RP Singh,2007,2009,9.0,198.0,225.0,15.0,4/13,15.0,6.81,13.2,1.0,0.0
JD Unadkat,2016,2018,10.0,206.0,301.0,14.0,3/38,21.5,8.68,14.8,0.0,0.0
YK Pathan,2007,2012,17.0,303.0,438.0,13.0,2/22,33.69,8.61,23.4,0.0,0.0
SK Raina,2006,2018,27.0,348.0,442.0,13.0,2/6,34.0,7.59,26.8,0.0,0.0
L Balaji,2012,2012,5.0,96.0,121.0,10.0,3/19,12.1,7.56,9.6,0.0,0.0
PP Ojha,2009,2010,6.0,126.0,132.0,10.0,4/21,13.2,6.28,12.6,1.0,0.0
R Vinay Kumar,2010,2013,9.0,187.0,247.0,10.0,3/24,24.7,7.84,18.9,0.0,0.0
Washington Sundar,2017,2018,7.0,168.0,169.0,10.0,3/22,16.9,6.03,16.8,0.0,0.0
AR Patel,2015,2018,11.0,234.0,265.0,9.0,3/17,29.44,6.79,26.0,0.0,0.0
UT Yadav,2012,2018,6.0,126.0,184.0,9.0,2/19,20.44,8.76,14.0,0.0,0.0
P Kumar,2008,2012,10.0,156.0,193.0,8.0,2/14,24.12,7.42,19.5,0.0,0.0
Mohammed Shami,2014,2017,7.0,140.0,250.0,8.0,3/38,31.25,10.56,17.7,0.0,0.0
I Sharma,2008,2013,14.0,277.0,400.0,8.0,2/34,50.0,8.63,34.7,0.0,0.0
SN Thakur,2018,2018,7.0,163.0,242.0,8.0,4/27,30.25,8.8,20.6,1.0,0.0
S Sreesanth,2006,2008,9.0,204.0,288.0,7.0,2/12,41.14,8.47,29.1,0.0,0.0
KK Ahmed,2018,2018,6.0,138.0,199.0,6.0,2/30,33.16,8.65,23.0,0.0,0.0
KH Pandya,2018,2018,6.0,144.0,195.0,6.0,4/36,32.5,8.12,24.0,1.0,0.0
MM Sharma,2014,2015,8.0,138.0,185.0,6.0,2/28,30.83,8.04,23.0,0.0,0.0
BB Sran,2016,2016,2.0,48.0,41.0,6.0,4/10,6.83,5.12,8.0,1.0,0.0
PP Chawla,2010,2012,7.0,138.0,151.0,4.0,2/13,37.75,6.56,34.5,0.0,0.0
Joginder Sharma,2007,2007,4.0,85.0,138.0,4.0,2/20,34.5,9.51,21.7,0.0,0.0
V Kohli,2010,2018,12.0,145.0,198.0,4.0,1/13,49.5,8.13,36.5,0.0,0.0
MM Patel,2011,2011,3.0,60.0,86.0,4.0,2/25,21.5,8.6,15.0,0.0,0.0
AB Agarkar,2006,2007,3.0,61.0,85.0,3.0,2/10,28.33,8.09,21.0,0.0,0.0
S Kaul,2018,2018,2.0,36.0,39.0,3.0,2/35,13.0,6.5,12.0,0.0,0.0
DS Kulkarni,2016,2016,2.0,48.0,55.0,3.0,2/23,18.33,6.87,16.0,0.0,0.0
Mohammed Siraj,2017,2018,3.0,72.0,148.0,3.0,1/45,49.33,12.33,24.0,0.0,0.0
V Shankar,2018,2018,5.0,102.0,153.0,3.0,2/32,51.0,9.0,34.0,0.0,0.0
R Sharma,2012,2012,2.0,43.0,56.0,3.0,2/29,18.66,7.63,14.6,0.0,0.0
S Aravind,2015,2015,1.0,20.0,44.0,1.0,1/44,44.0,12.0,22.0,0.0,0.0
STR Binny,2015,2016,3.0,30.0,54.0,1.0,1/14,54.0,10.8,30.0,0.0,0.0
DL Chahar,2018,2018,1.0,24.0,43.0,1.0,1/43,43.0,10.75,24.0,0.0,0.0
R Dhawan,2016,2016,1.0,24.0,42.0,1.0,1/42,42.0,10.5,24.0,0.0,0.0
P Negi,2016,2016,1.0,18.0,16.0,1.0,1/16,16.0,5.33,18.0,0.0,0.0
Parvez Rasool,2017,2017,1.0,24.0,32.0,1.0,1/32,32.0,8.0,24.0,0.0,0.0
Sandeep Sharma,2015,2015,2.0,42.0,73.0,1.0,1/39,73.0,10.42,42.0,0.0,0.0
KV Sharma,2014,2014,1.0,24.0,28.0,1.0,1/28,28.0,7.0,24.0,0.0,0.0
RG Sharma,2007,2018,9.0,67.0,113.0,1.0,1/22,113.0,9.97,68.0,0.0,0.0
SR Tendulkar,2006,2006,1.0,13.0,12.0,1.0,1/12,12.0,4.8,15.0,0.0,0.0
P Awana,2012,2012,2.0,36.0,71.0,0.0,,,11.83,,0.0,0.0
M Kartik,2007,2007,1.0,24.0,27.0,0.0,,,6.75,,0.0,0.0
V Sehwag,2006,2012,1.0,6.0,20.0,0.0,,,20.0,,0.0,0.0
S Tyagi,2009,2009,1.0,12.0,21.0,0.0,,,10.5,,0.0,0.0
M Vijay,2010,2015,1.0,12.0,9.0,0.0,,,4.5,,0.0,0.0
S Badrinath,2011,2011,,,,,,,,,,
S Dhawan,2011,2018,,,,,,,,,,
MS Dhoni,2006,2018,,,,,,,,,,
R Dravid,2011,2011,,,,,,,,,,
G Gambhir,2007,2012,,,,,,,,,,
SS Iyer,2017,2017,,,,,,,,,,
KM Jadhav,2015,2017,,,,,,,,,,
KD Karthik,2006,2018,,,,,,,,,,
Mandeep Singh,2016,2016,,,,,,,,,,
D Mongia,2006,2006,,,,,,,,,,
NV Ojha,2010,2010,,,,,,,,,,
MK Pandey,2015,2018,,,,,,,,,,
RR Pant,2017,2018,,,,,,,,,,
PA Patel,2011,2011,,,,,,,,,,
AM Rahane,2011,2016,,,,,,,,,,
KL Rahul,2016,2018,,,,,,,,,,
AT Rayudu,2014,2016,,,,,,,,,,
SV Samson,2015,2015,,,,,,,,,,
MK Tiwary,2011,2012,,,,,,,,,,
RV Uthappa,2007,2015,,,,,,,,,,
Shahid Afridi,2006,2016,96.0,2143.0,2362.0,97.0,4/11,24.35,6.61,22.1,3.0,0.0
Saeed Ajmal,2009,2015,63.0,1429.0,1516.0,85.0,4/19,17.83,6.36,16.8,4.0,0.0
Umar Gul,2007,2016,60.0,1201.0,1443.0,85.0,5/6,16.97,7.19,14.1,4.0,2.0
Mohammad Hafeez,2006,2018,67.0,1116.0,1226.0,54.0,4/10,22.7,6.58,20.6,1.0,0.0
Sohail Tanvir,2007,2017,57.0,1213.0,1454.0,54.0,3/12,26.92,7.18,22.4,0.0,0.0
Mohammad Amir,2009,2018,41.0,912.0,1039.0,52.0,4/13,19.98,6.83,17.5,1.0,0.0
Shadab Khan,2017,2018,29.0,655.0,721.0,42.0,4/14,17.16,6.58,15.6,1.0,0.0
Imad Wasim,2015,2018,31.0,684.0,687.0,35.0,5/14,19.62,6.02,19.5,1.0,1.0
Hasan Ali,2016,2018,27.0,547.0,753.0,33.0,3/23,22.81,8.22,16.6,0.0,0.0
Wahab Riaz,2008,2017,27.0,541.0,723.0,28.0,3/18,25.82,7.98,19.3,0.0,0.0
Shoaib Malik,2006,2018,44.0,516.0,601.0,27.0,2/7,22.25,6.98,19.1,0.0,0.0
Faheem Ashraf,2017,2018,22.0,366.0,409.0,21.0,3/5,19.47,6.68,17.4,0.0,0.0
Mohammad Sami,2010,2016,13.0,276.0,387.0,21.0,3/16,18.42,8.41,13.1,0.0,0.0
Abdul Razzaq,2006,2013,22.0,337.0,395.0,20.0,3/13,19.75,6.99,16.9,0.0,0.0
Shoaib Akhtar,2006,2010,15.0,318.0,432.0,19.0,3/38,22.73,8.15,16.7,0.0,0.0
Yasir Arafat,2007,2012,13.0,235.0,316.0,16.0,3/18,19.75,8.03,14.7,0.0,0.0
Mohammad Irfan,2012,2016,20.0,415.0,504.0,15.0,2/18,33.6,7.25,27.8,0.0,0.0
Mohammad Asif,2006,2010,11.0,255.0,343.0,13.0,4/18,26.38,8.0,19.7,1.0,0.0
Mohammad Nawaz (3),2016,2018,16.0,300.0,340.0,12.0,2/11,28.33,6.8,25.0,0.0,0.0
Zulfiqar Babar,2013,2014,7.0,156.0,185.0,12.0,3/23,15.41,7.11,13.0,0.0,0.0
Abdur Rehman,2007,2013,8.0,156.0,192.0,11.0,2/7,17.45,7.38,14.1,0.0,0.0
Shaheen Shah Afridi,2018,2018,7.0,156.0,203.0,11.0,3/20,18.45,7.8,14.1,0.0,0.0
Anwar Ali,2008,2016,15.0,264.0,367.0,10.0,2/27,36.7,8.3,26.5,0.0,0.0
Raza Hasan,2012,2014,10.0,228.0,219.0,10.0,2/14,21.9,5.76,22.8,0.0,0.0
Usman Shinwari,2013,2018,13.0,234.0,287.0,10.0,2/4,28.7,7.35,23.4,0.0,0.0
Aizaz Cheema,2011,2012,5.0,102.0,116.0,8.0,4/30,14.5,6.82,12.7,1.0,0.0
Fawad Alam,2007,2010,6.0,90.0,95.0,8.0,3/7,11.87,6.33,11.2,0.0,0.0
Junaid Khan,2011,2014,9.0,162.0,236.0,8.0,3/24,29.5,8.74,20.2,0.0,0.0
Rumman Raees,2016,2018,8.0,171.0,220.0,8.0,2/24,27.5,7.63,21.6,0.0,0.0
Bilawal Bhatti,2013,2015,9.0,156.0,255.0,5.0,2/36,51.0,9.8,31.2,0.0,0.0
Naved-ul-Hasan,2006,2010,4.0,84.0,101.0,5.0,3/19,20.2,7.12,17.0,0.0,0.0
Sohail Khan,2008,2017,5.0,90.0,123.0,5.0,2/13,24.6,8.2,18.0,0.0,0.0
Hussain Talat,2018,2018,5.0,30.0,40.0,4.0,2/12,10.0,8.0,7.5,0.0,0.0
Mansoor Amjad,2008,2008,1.0,6.0,3.0,3.0,3/3,1.0,3.0,2.0,0.0,0.0
Younis Khan,2006,2010,1.0,20.0,18.0,3.0,3/18,6.0,4.9,7.3,0.0,0.0
Aamer Yamin,2015,2018,2.0,36.0,37.0,2.0,1/12,18.5,6.16,18.0,0.0,0.0
Imran Khan (1),2015,2015,3.0,72.0,106.0,2.0,2/35,53.0,8.83,36.0,0.0,0.0
Waqas Maqsood,2018,2018,1.0,9.0,21.0,2.0,2/21,10.5,11.45,5.5,0.0,0.0
Iftikhar Anjum,2007,2009,2.0,48.0,67.0,1.0,1/34,67.0,8.37,48.0,0.0,0.0
Tanvir Ahmed,2010,2010,1.0,18.0,13.0,1.0,1/13,13.0,4.33,18.0,0.0,0.0
Abdur Rauf,2008,2008,1.0,18.0,21.0,0.0,,,7.0,,0.0,0.0
Ahmed Shehzad,2009,2018,1.0,6.0,10.0,0.0,,,10.0,,0.0,0.0
Asad Ali,2013,2013,2.0,24.0,33.0,0.0,,,8.25,,0.0,0.0
Saad Nasim,2014,2014,1.0,6.0,12.0,0.0,,,12.0,,0.0,0.0
Shabbir Ahmed,2007,2007,1.0,12.0,19.0,0.0,,,9.5,,0.0,0.0
Sohaib Maqsood,2013,2016,1.0,6.0,12.0,0.0,,,12.0,,0.0,0.0
Yasir Shah,2011,2011,2.0,24.0,39.0,0.0,,,9.75,,0.0,0.0
Asad Shafiq,2010,2012,,,,,,,,,,
Asif Ali,2018,2018,,,,,,,,,,
Awais Zia,2012,2014,,,,,,,,,,
Babar Azam,2016,2018,,,,,,,,,,
Fakhar Zaman,2017,2018,,,,,,,,,,
Hammad Azam,2012,2013,,,,,,,,,,
Haris Sohail,2013,2018,,,,,,,,,,
Iftikhar Ahmed,2016,2016,,,,,,,,,,
Imran Farhat,2010,2011,,,,,,,,,,
Imran Nazir,2007,2012,,,,,,,,,,
Inzamam-ul-Haq,2006,2006,,,,,,,,,,
Kamran Akmal,2006,2017,,,,,,,,,,
Khalid Latif,2008,2016,,,,,,,,,,
Khurram Manzoor,2016,2016,,,,,,,,,,
Misbah-ul-Haq,2007,2012,,,,,,,,,,
Mohammad Rizwan,2015,2016,,,,,,,,,,
Mohammad Salman,2011,2011,,,,,,,,,,
Mohammad Yousuf,2006,2010,,,,,,,,,,
Mukhtar Ahmed,2015,2015,,,,,,,,,,
Nasir Jamshed,2012,2013,,,,,,,,,,
Nauman Anwar,2015,2015,,,,,,,,,,
Rafatullah Mohmand,2015,2015,,,,,,,,,,
Rameez Raja (2),2011,2011,,,,,,,,,,
Sahibzada Farhan,2018,2018,,,,,,,,,,
Salman Butt,2007,2010,,,,,,,,,,
Sarfraz Ahmed,2010,2018,,,,,,,,,,
Shahzaib Hasan,2009,2010,,,,,,,,,,
Shakeel Ansar,2012,2012,,,,,,,,,,
Sharjeel Khan,2013,2016,,,,,,,,,,
Shoaib Khan jnr,2008,2008,,,,,,,,,,
Umar Akmal,2009,2016,,,,,,,,,,
Umar Amin,2013,2018,,,,,,,,,,
Zulqarnain Haider,2007,2010,,,,,,,,,,
SL Malinga,2006,2018,69.0,1473.0,1810.0,92.0,5/31,19.67,7.36,16.0,1.0,1.0
KMDN Kulasekara,2008,2017,58.0,1230.0,1530.0,66.0,4/31,23.18,7.45,18.6,2.0,0.0
BAW Mendis,2008,2014,39.0,883.0,952.0,66.0,6/8,14.42,6.45,13.4,3.0,2.0
NLTC Perera,2010,2018,58.0,932.0,1403.0,44.0,3/24,31.88,9.01,21.2,0.0,0.0
AD Mathews,2009,2018,57.0,967.0,1101.0,37.0,3/16,29.75,6.81,26.1,0.0,0.0
SMSM Senanayake,2012,2016,23.0,486.0,549.0,25.0,4/46,21.96,6.77,19.4,1.0,0.0
ST Jayasuriya,2006,2011,24.0,369.0,456.0,19.0,3/21,24.0,7.37,19.5,0.0,0.0
CRD Fernando,2006,2016,18.0,378.0,464.0,18.0,3/19,25.77,7.36,21.0,0.0,0.0
HMRKB Herath,2011,2016,17.0,363.0,373.0,18.0,5/3,20.72,6.13,20.2,0.0,1.0
PVD Chameera,2015,2018,19.0,402.0,574.0,16.0,3/30,35.87,8.54,25.1,0.0,0.0
I Udana,2009,2018,18.0,354.0,497.0,16.0,3/13,31.06,8.42,22.1,0.0,0.0
A Dananjaya,2012,2018,16.0,338.0,425.0,14.0,2/9,30.35,7.5,24.2,0.0,0.0
M Muralitharan,2006,2010,12.0,282.0,297.0,13.0,3/29,22.84,6.31,21.6,0.0,0.0
BMAJ Mendis,2011,2018,14.0,210.0,249.0,12.0,3/24,20.75,7.11,17.5,0.0,0.0
S Prasanna,2013,2017,18.0,300.0,359.0,10.0,2/45,35.9,7.18,30.0,0.0,0.0
PADLR Sandakan,2017,2018,5.0,120.0,134.0,10.0,4/23,13.4,6.7,12.0,1.0,0.0
TM Dilshan,2006,2016,25.0,258.0,313.0,9.0,2/4,34.77,7.27,28.6,0.0,0.0
JRMVB Sanjaya,2017,2017,8.0,171.0,250.0,9.0,2/20,27.77,8.67,19.2,0.0,0.0
MD Shanaka,2015,2018,13.0,138.0,172.0,9.0,3/16,19.11,7.42,15.4,0.0,0.0
TAM Siriwardana,2015,2017,13.0,138.0,206.0,8.0,2/17,25.75,8.95,17.2,0.0,0.0
N Pradeep,2016,2018,9.0,157.0,287.0,7.0,2/37,41.0,10.83,22.7,0.0,0.0
S Randiv,2010,2011,7.0,126.0,139.0,7.0,3/20,19.85,6.61,18.0,0.0,0.0
RAS Lakmal,2011,2018,10.0,182.0,292.0,7.0,2/26,41.71,9.52,26.2,0.0,0.0
MF Maharoof,2006,2016,8.0,162.0,199.0,7.0,2/18,28.42,7.37,23.1,0.0,0.0
T Thushara,2008,2010,6.0,132.0,179.0,7.0,2/37,25.57,8.13,18.8,0.0,0.0
WPUJC Vaas,2006,2007,6.0,132.0,128.0,6.0,2/14,21.33,5.81,22.0,0.0,0.0
DAS Gunaratne,2016,2017,10.0,147.0,204.0,5.0,1/11,40.8,8.21,29.8,0.0,0.0
MD Gunathilaka,2016,2018,7.0,80.0,106.0,5.0,2/3,21.2,7.75,16.4,0.0,0.0
SS Pathirana,2016,2017,5.0,93.0,119.0,5.0,2/23,23.8,7.51,19.0,0.0,0.0
MA Aponso,2018,2018,3.0,60.0,79.0,4.0,2/29,19.75,7.9,15.0,0.0,0.0
HMCM Bandara,2006,2009,4.0,84.0,96.0,4.0,3/32,24.0,6.85,21.0,0.0,0.0
DM de Silva,2015,2018,5.0,60.0,67.0,4.0,2/22,16.75,6.7,15.0,0.0,0.0
CAK Rajitha,2016,2018,4.0,84.0,147.0,4.0,3/29,36.75,10.5,21.0,0.0,0.0
JDF Vandersay,2015,2016,7.0,144.0,177.0,4.0,2/26,44.25,7.37,36.0,0.0,0.0
K Weeraratne,2008,2009,5.0,90.0,126.0,4.0,4/19,31.5,8.4,22.5,1.0,0.0
RMS Eranga,2012,2013,3.0,66.0,90.0,3.0,2/30,30.0,8.18,22.0,0.0,0.0
B Fernando,2015,2015,2.0,43.0,71.0,3.0,2/33,23.66,9.68,14.6,0.0,0.0
GSNFG Jayasuriya,2015,2016,7.0,99.0,146.0,3.0,1/11,48.66,8.67,33.6,0.0,0.0
MDK Perera,2011,2011,3.0,60.0,72.0,3.0,3/26,24.0,7.2,20.0,0.0,0.0
LHD Dilhara,2008,2008,2.0,30.0,30.0,2.0,2/6,15.0,6.0,15.0,0.0,0.0
KS Lokuarachchi,2012,2012,2.0,36.0,48.0,2.0,2/31,24.0,8.0,18.0,0.0,0.0
DSK Madushanka,2018,2018,2.0,30.0,62.0,2.0,2/23,31.0,12.0,15.5,0.0,0.0
G Wijekoon,2007,2007,3.0,66.0,101.0,2.0,1/12,50.5,9.18,33.0,0.0,0.0
J Mubarak,2007,2009,2.0,7.0,17.0,1.0,1/9,17.0,12.75,8.0,0.0,0.0
EMDY Munaweera,2012,2017,5.0,60.0,92.0,1.0,1/26,92.0,9.2,60.0,0.0,0.0
M Pushpakumara,2009,2009,1.0,18.0,27.0,1.0,1/27,27.0,9.0,18.0,0.0,0.0
RLB Rambukwella,2013,2016,2.0,37.0,46.0,1.0,1/19,46.0,7.07,39.0,0.0,0.0
LPC Silva,2006,2011,2.0,18.0,15.0,1.0,1/4,15.0,5.0,18.0,0.0,0.0
UWMBCA Welegedara,2010,2010,2.0,36.0,61.0,1.0,1/21,61.0,10.16,36.0,0.0,0.0
KMC Bandara,2016,2016,1.0,6.0,11.0,0.0,,,11.0,,0.0,0.0
PC de Silva,2017,2017,2.0,12.0,30.0,0.0,,,15.0,,0.0,0.0
ST de Silva,2017,2017,1.0,6.0,10.0,0.0,,,10.0,,0.0,0.0
MVT Fernando,2017,2017,1.0,12.0,16.0,0.0,,,8.0,,0.0,0.0
DPMD Jayawardene,2006,2014,1.0,6.0,8.0,0.0,,,8.0,,0.0,0.0
PHKD Mendis,2018,2018,1.0,18.0,27.0,0.0,,,9.0,,0.0,0.0
AK Perera,2013,2014,1.0,6.0,17.0,0.0,,,17.0,,0.0,0.0
PDRL Perera,2006,2006,2.0,42.0,77.0,0.0,,,11.0,,0.0,0.0
KTGD Prasad,2011,2011,1.0,18.0,37.0,0.0,,,12.33,,0.0,0.0
RP Arnold,2006,2006,,,,,,,,,,
MS Atapattu,2006,2006,,,,,,,,,,
LD Chandimal,2010,2018,,,,,,,,,,
SI de Saram,2009,2009,,,,,,,,,,
N Dickwella,2016,2018,,,,,,,,,,
CU Jayasinghe,2009,2010,,,,,,,,,,
SHT Kandamby,2008,2011,,,,,,,,,,
CK Kapugedera,2006,2017,,,,,,,,,,
HGJM Kulatunga,2008,2008,,,,,,,,,,
BKG Mendis,2016,2018,,,,,,,,,,
MDKJ Perera,2013,2018,,,,,,,,,,
SMA Priyanjan,2017,2017,,,,,,,,,,
RJMGM Rupasinghe,2009,2009,,,,,,,,,,
S Samarawickrama,2017,2017,,,,,,,,,,
KC Sangakkara,2006,2014,,,,,,,,,,
WU Tharanga,2006,2018,,,,,,,,,,
HDRL Thirimanne,2012,2016,,,,,,,,,,
ML Udawatte,2008,2017,,,,,,,,,,
KDK Vithanage,2014,2016,,,,,,,,,,
AG Cremer,2008,2018,28.0,570.0,660.0,35.0,3/11,18.85,6.94,16.2,0.0,0.0
P Utseya,2006,2015,35.0,747.0,858.0,26.0,3/25,33.0,6.87,28.8,0.0,0.0
CB Mpofu,2008,2018,24.0,513.0,755.0,20.0,3/16,37.75,8.79,25.7,0.0,0.0
T Panyangara,2013,2016,14.0,301.0,398.0,20.0,4/37,19.9,7.88,15.1,1.0,0.0
SC Williams,2006,2018,25.0,486.0,585.0,19.0,3/15,30.78,7.22,25.5,0.0,0.0
KM Jarvis,2011,2018,14.0,285.0,391.0,17.0,3/15,23.0,8.17,16.8,0.0,0.0
E Chigumbura,2006,2018,21.0,276.0,427.0,16.0,4/31,26.68,9.28,17.2,1.0,0.0
TL Chatara,2010,2018,13.0,282.0,351.0,15.0,3/20,23.4,7.46,18.8,0.0,0.0
CJ Chibhabha,2006,2018,22.0,321.0,455.0,14.0,3/18,32.5,8.45,23.0,0.0,0.0
RW Price,2008,2012,16.0,367.0,378.0,13.0,2/6,29.07,6.14,28.3,0.0,0.0
TS Chisoro,2015,2018,12.0,276.0,316.0,12.0,3/17,26.33,6.86,23.0,0.0,0.0
DT Tiripano,2016,2018,9.0,193.0,245.0,11.0,3/20,22.27,7.53,17.7,0.0,0.0
WP Masakadza,2015,2018,9.0,198.0,259.0,10.0,4/28,25.9,7.84,19.8,1.0,0.0
B Muzarabani,2018,2018,6.0,144.0,220.0,9.0,3/21,24.44,9.16,16.0,0.0,0.0
Sikandar Raza,2013,2018,19.0,222.0,308.0,9.0,2/7,34.22,8.32,24.6,0.0,0.0
N Madziva,2015,2016,9.0,186.0,279.0,8.0,4/34,34.87,8.95,23.3,1.0,0.0
LM Jongwe,2015,2016,7.0,127.0,211.0,7.0,2/24,30.14,9.89,18.2,0.0,0.0
T Muzarabani,2015,2016,9.0,180.0,280.0,6.0,2/31,46.66,9.33,30.0,0.0,0.0
GB Brent,2006,2007,3.0,66.0,93.0,4.0,2/19,23.25,8.45,16.5,0.0,0.0
GA Lamb,2010,2010,5.0,72.0,80.0,4.0,2/14,20.0,6.57,18.2,0.0,0.0
SW Masakadza,2010,2013,7.0,115.0,211.0,4.0,2/39,52.75,10.82,29.2,0.0,0.0
N M'shangwe,2013,2014,5.0,96.0,142.0,4.0,2/33,35.5,8.87,24.0,0.0,0.0
BV Vitori,2012,2016,11.0,236.0,323.0,4.0,1/24,80.75,8.14,59.5,0.0,0.0
KM Dabengwa,2006,2010,7.0,66.0,106.0,2.0,1/1,53.0,9.63,33.0,0.0,0.0
H Masakadza,2006,2018,9.0,72.0,113.0,2.0,1/4,56.5,9.41,36.0,0.0,0.0
B Mavuta,2018,2018,3.0,72.0,81.0,2.0,1/19,40.5,6.75,36.0,0.0,0.0
CT Mutombodzi,2013,2016,3.0,60.0,81.0,2.0,2/28,40.5,8.1,30.0,0.0,0.0
RP Burl,2018,2018,4.0,42.0,70.0,1.0,1/11,70.0,10.0,42.0,0.0,0.0
AJ Ireland,2006,2006,1.0,18.0,33.0,1.0,1/33,33.0,11.0,18.0,0.0,0.0
T Maruma,2008,2016,2.0,18.0,20.0,1.0,1/8,20.0,6.66,18.0,0.0,0.0
SF Mire,2018,2018,4.0,48.0,82.0,1.0,1/15,82.0,10.25,48.0,0.0,0.0
T Mupariwa,2007,2008,4.0,78.0,94.0,1.0,1/22,94.0,7.23,78.0,0.0,0.0
BRM Taylor,2006,2018,2.0,30.0,17.0,1.0,1/16,17.0,3.4,30.0,0.0,0.0
C Zhuwao,2008,2018,1.0,1.0,1.0,1.0,1/1,1.0,3.0,2.0,0.0,0.0
TP Kamungozi,2014,2014,1.0,12.0,17.0,0.0,,,8.5,,0.0,0.0
S Matsikenyeri,2006,2012,3.0,14.0,23.0,0.0,,,8.62,,0.0,0.0
KO Meth,2012,2012,2.0,42.0,64.0,0.0,,,9.14,,0.0,0.0
J Nyumbu,2018,2018,2.0,36.0,76.0,0.0,,,12.66,,0.0,0.0
EC Rainsford,2010,2010,2.0,36.0,67.0,0.0,,,11.16,,0.0,0.0
T Taibu,2007,2012,2.0,24.0,41.0,0.0,,,10.25,,0.0,0.0
MN Waller,2011,2018,3.0,30.0,42.0,0.0,,,8.4,,0.0,0.0
AM Blignaut,2010,2010,,,,,,,,,,
RW Chakabva,2008,2015,,,,,,,,,,
CK Coventry,2010,2015,,,,,,,,,,
CR Ervine,2010,2015,,,,,,,,,,
PJ Moor,2016,2018,,,,,,,,,,
TK Musakanda,2018,2018,,,,,,,,,,
F Mutizwa,2011,2012,,,,,,,,,,
R Mutumbami,2015,2016,,,,,,,,,,
ML Nkala,2006,2006,,,,,,,,,,
V Sibanda,2007,2016,,,,,,,,,,
Ahsan Malik,2012,2017,29.0,573.0,730.0,44.0,5/19,16.59,7.61,13.0,1.0,1.0
Mudassar Bukhari,2008,2016,35.0,703.0,780.0,43.0,4/7,18.13,6.64,16.3,3.0,0.0
PM Seelaar,2008,2018,34.0,600.0,671.0,31.0,4/19,21.64,6.71,19.3,1.0,0.0
T van der Gugten,2012,2018,26.0,495.0,601.0,26.0,3/18,23.11,7.25,19.1,0.0,0.0
PA van Meekeren,2013,2018,21.0,408.0,450.0,20.0,4/11,22.5,6.61,20.4,1.0,0.0
PW Borren,2008,2017,30.0,524.0,603.0,18.0,2/19,33.5,6.87,29.2,0.0,0.0
RE van der Merwe,2015,2018,11.0,240.0,265.0,17.0,2/3,15.58,6.62,14.1,0.0,0.0
MJG Rippon,2013,2018,17.0,302.0,310.0,15.0,3/8,20.66,6.11,20.2,0.0,0.0
MR Swart,2012,2016,20.0,318.0,351.0,14.0,2/8,25.07,6.62,22.7,0.0,0.0
RN ten Doeschate,2008,2018,9.0,204.0,241.0,12.0,3/23,20.08,7.08,17.0,0.0,0.0
E Schiferli,2008,2010,6.0,138.0,146.0,6.0,3/23,24.33,6.34,23.0,0.0,0.0
LV van Beek,2014,2016,7.0,102.0,160.0,5.0,3/9,32.0,9.41,20.4,0.0,0.0
MBS Jonkman,2010,2010,3.0,48.0,47.0,4.0,2/21,11.75,5.87,12.0,0.0,0.0
Mohammad Kashif,2010,2010,3.0,42.0,55.0,4.0,2/28,13.75,7.85,10.5,0.0,0.0
S Snater,2018,2018,3.0,60.0,99.0,4.0,2/25,24.75,9.9,15.0,0.0,0.0
TLW Cooper,2012,2016,9.0,102.0,132.0,3.0,2/18,44.0,7.76,34.0,0.0,0.0
TGJ Gruijters,2012,2013,5.0,72.0,74.0,3.0,1/5,24.66,6.16,24.0,0.0,0.0
FJ Klaassen,2018,2018,4.0,96.0,151.0,3.0,1/29,50.33,9.43,32.0,0.0,0.0
MP O'Dowd,2015,2018,6.0,50.0,59.0,3.0,1/7,19.66,6.8,17.3,0.0,0.0
MB van Schelven,2015,2015,2.0,42.0,30.0,3.0,2/22,10.0,4.28,14.0,0.0,0.0
W Barresi,2012,2018,2.0,26.0,38.0,2.0,1/3,19.0,8.14,14.0,0.0,0.0
VJ Kingma,2016,2016,1.0,24.0,32.0,1.0,1/32,32.0,8.0,24.0,0.0,0.0
DP Nannes,2009,2009,2.0,48.0,56.0,1.0,1/26,56.0,7.0,48.0,0.0,0.0
DLS van Bunge,2008,2013,2.0,13.0,15.0,1.0,1/14,15.0,6.42,14.0,0.0,0.0
HJC Mol,2008,2008,1.0,7.0,12.0,0.0,,,8.0,,0.0,0.0
Saqib Zulfiqar,2018,2018,1.0,18.0,22.0,0.0,,,7.33,,0.0,0.0
Sikander Zulfiqar,2016,2018,1.0,6.0,13.0,0.0,,,13.0,,0.0,0.0
RI Ahmed,2015,2015,,,,,,,,,,
AF Buurman,2010,2010,,,,,,,,,,
BN Cooper,2013,2018,,,,,,,,,,
TN de Grooth,2008,2013,,,,,,,,,,
BFW de Leede,2018,2018,,,,,,,,,,
SA Edwards,2018,2018,,,,,,,,,,
AN Kervezee,2009,2012,,,,,,,,,,
GMC Mol,2008,2008,,,,,,,,,,
SJ Myburgh,2012,2017,,,,,,,,,,
HC Overdijk,2018,2018,,,,,,,,,,
DJ Reekers,2008,2009,,,,,,,,,,
JD Schoonheim,2008,2008,,,,,,,,,,
J Smits,2008,2009,,,,,,,,,,
ES Szwarczynski,2008,2013,,,,,,,,,,
TP Visee,2015,2018,,,,,,,,,,
B Zuiderent,2009,2010,,,,,,,,,,
Aizaz Khan,2014,2017,23.0,463.0,530.0,28.0,3/10,18.92,6.85,16.5,0.0,0.0
Nadeem Ahmed,2014,2017,24.0,493.0,546.0,25.0,4/21,21.84,6.61,19.8,1.0,0.0
Haseeb Amjad,2014,2016,18.0,367.0,453.0,24.0,4/16,18.87,7.38,15.3,1.0,0.0
Tanwir Afzal,2014,2016,21.0,426.0,509.0,19.0,2/8,26.78,7.16,22.4,0.0,0.0
Irfan Ahmed,2014,2015,8.0,162.0,190.0,11.0,3/11,17.27,7.03,14.7,0.0,0.0
Ehsan Khan,2016,2017,4.0,79.0,89.0,6.0,2/17,14.83,6.59,13.5,0.0,0.0
Anshuman Rath,2015,2017,13.0,198.0,264.0,5.0,3/6,52.8,8.0,39.6,0.0,0.0
Nizakat Khan,2014,2017,4.0,78.0,69.0,4.0,3/19,17.25,5.3,19.5,0.0,0.0
MS Chapman,2014,2016,4.0,60.0,77.0,3.0,1/10,25.66,7.7,20.0,0.0,0.0
Tanveer Ahmed,2016,2017,5.0,79.0,116.0,3.0,2/29,38.66,8.59,27.0,0.0,0.0
RJ Campbell,2016,2016,3.0,60.0,68.0,2.0,2/28,34.0,6.8,30.0,0.0,0.0
Ehsan Nawaz,2014,2017,5.0,44.0,79.0,2.0,1/22,39.5,10.3,23.0,0.0,0.0
Najeeb Amar,2014,2014,1.0,18.0,29.0,1.0,1/29,29.0,9.66,18.0,0.0,0.0
A Mehmood,2016,2016,1.0,6.0,12.0,0.0,,,12.0,,0.0,0.0
Waqas Barkat,2014,2017,1.0,6.0,10.0,0.0,,,10.0,,0.0,0.0
Waqas Khan,2014,2017,1.0,6.0,12.0,0.0,,,12.0,,0.0,0.0
Anas Khan,2014,2014,,,,,,,,,,
JJ Atkinson,2014,2016,,,,,,,,,,
Babar Hayat,2014,2017,,,,,,,,,,
C Carter,2015,2017,,,,,,,,,,
Munir Dar,2014,2014,,,,,,,,,,
KD Shah,2014,2016,,,,,,,,,,
Shahid Wasif,2016,2017,,,,,,,,,,
N Vanua,2015,2017,9.0,187.0,219.0,14.0,3/26,15.64,6.98,13.4,0.0,0.0
A Vala,2015,2017,6.0,93.0,105.0,7.0,2/7,15.0,6.63,13.5,0.0,0.0
JB Reva,2015,2017,6.0,102.0,121.0,6.0,2/11,20.16,7.04,17.1,0.0,0.0
CJA Amini,2015,2016,5.0,54.0,63.0,5.0,2/13,12.6,6.87,11.0,0.0,0.0
WT Gavera,2015,2017,6.0,102.0,113.0,5.0,3/17,22.6,6.64,20.4,0.0,0.0
MD Dai,2015,2017,9.0,150.0,157.0,4.0,2/13,39.25,6.28,37.5,0.0,0.0
CA Soper,2015,2017,5.0,78.0,70.0,4.0,3/13,17.5,5.31,19.7,0.0,0.0
P Raho,2016,2016,2.0,18.0,20.0,3.0,3/11,6.66,6.66,6.0,0.0,0.0
N Pokana,2016,2016,3.0,30.0,30.0,2.0,1/5,15.0,6.0,15.0,0.0,0.0
L Nou,2015,2015,3.0,60.0,65.0,1.0,1/24,65.0,6.5,60.0,0.0,0.0
S Bau,2016,2017,2.0,12.0,18.0,0.0,,,9.0,,0.0,0.0
H Hiri,2016,2016,1.0,6.0,5.0,0.0,,,5.0,,0.0,0.0
A Nao,2017,2017,2.0,30.0,49.0,0.0,,,9.8,,0.0,0.0
D Bau,2017,2017,,,,,,,,,,
VV Morea,2015,2017,,,,,,,,,,
K Pala,2015,2015,,,,,,,,,,
L Siaka,2015,2017,,,,,,,,,,
TP Ura,2015,2017,,,,,,,,,,
JNT Vare,2015,2017,,,,,,,,,,
Shakib Al Hasan,2006,2018,71.0,1569.0,1775.0,88.0,5/20,20.17,6.77,17.8,3.0,1.0
Mustafizur Rahman,2015,2018,30.0,661.0,848.0,48.0,5/22,17.66,7.67,13.8,1.0,1.0
Abdur Razzak,2006,2014,33.0,728.0,838.0,44.0,4/16,19.04,6.88,16.5,1.0,0.0
Mashrafe Mortaza,2006,2017,53.0,1137.0,1527.0,42.0,4/19,36.35,8.04,27.1,1.0,0.0
Al-Amin Hossain,2013,2016,23.0,475.0,592.0,39.0,3/20,15.17,7.46,12.2,0.0,0.0
Mahmudullah,2007,2018,51.0,687.0,832.0,31.0,3/18,26.83,7.24,22.2,0.0,0.0
Rubel Hossain,2009,2018,26.0,565.0,879.0,28.0,3/31,31.39,9.3,20.2,0.0,0.0
Arafat Sunny,2014,2016,10.0,186.0,230.0,12.0,2/17,19.16,7.41,15.5,0.0,0.0
Taskin Ahmed,2014,2018,17.0,333.0,438.0,12.0,2/32,36.5,7.84,27.9,0.0,0.0
Elias Sunny,2012,2012,7.0,138.0,146.0,9.0,5/13,16.22,6.34,15.3,0.0,1.0
Mohammad Ashraful,2007,2013,8.0,138.0,210.0,8.0,3/42,26.25,9.13,17.2,0.0,0.0
Nazmul Islam,2018,2018,12.0,229.0,265.0,8.0,3/28,33.12,6.88,28.8,0.0,0.0
Shafiul Islam,2010,2017,12.0,230.0,308.0,8.0,2/19,38.5,7.96,29.0,0.0,0.0
Nasir Hossain,2011,2016,11.0,177.0,262.0,7.0,2/26,37.42,8.78,25.5,0.0,0.0
Abu Hider,2016,2018,12.0,216.0,330.0,6.0,2/40,55.0,9.16,36.0,0.0,0.0
Farhad Reza,2006,2014,11.0,156.0,261.0,6.0,2/34,43.5,10.03,26.0,0.0,0.0
Sabbir Rahman,2014,2018,8.0,66.0,70.0,6.0,3/11,11.66,6.26,11.1,0.0,0.0
Mohammad Saifuddin,2017,2018,9.0,162.0,290.0,5.0,2/53,58.0,10.74,32.4,0.0,0.0
Abul Hasan,2012,2018,5.0,84.0,148.0,4.0,2/33,37.0,10.57,21.0,0.0,0.0
Abu Jayed,2018,2018,3.0,66.0,106.0,4.0,2/27,26.5,9.63,16.5,0.0,0.0
Mehidy Hasan Miraz,2017,2018,13.0,216.0,330.0,4.0,2/31,82.5,9.16,54.0,0.0,0.0
Mosaddek Hossain,2016,2018,7.0,86.0,99.0,4.0,2/21,24.75,6.75,22.0,0.0,0.0
Shahadat Hossain,2006,2013,6.0,120.0,198.0,4.0,2/22,49.5,9.9,30.0,0.0,0.0
Sohag Gazi,2012,2015,10.0,210.0,299.0,4.0,1/28,74.75,8.54,52.5,0.0,0.0
Soumya Sarkar,2015,2018,10.0,91.0,173.0,4.0,1/18,43.25,11.16,23.2,0.0,0.0
Syed Rasel,2007,2008,8.0,174.0,202.0,4.0,1/10,50.5,6.96,43.5,0.0,0.0
Naeem Islam,2008,2013,6.0,90.0,122.0,3.0,2/32,40.66,8.13,30.0,0.0,0.0
Ziaur Rahman,2012,2014,7.0,73.0,127.0,3.0,1/16,42.33,10.16,25.0,0.0,0.0
Alok Kapali,2007,2011,2.0,30.0,35.0,2.0,2/12,17.5,7.0,15.0,0.0,0.0
Jubair Hossain,2015,2015,1.0,12.0,20.0,2.0,2/20,10.0,10.0,6.0,0.0,0.0
Shuvagata Hom,2016,2016,4.0,66.0,71.0,2.0,1/18,35.5,6.45,33.0,0.0,0.0
Afif Hossain,2018,2018,1.0,12.0,26.0,1.0,1/26,26.0,13.0,12.0,0.0,0.0
Ariful Haque,2018,2018,1.0,6.0,13.0,1.0,1/13,13.0,13.0,6.0,0.0,0.0
Mohammad Rafique,2006,2006,1.0,24.0,22.0,1.0,1/22,22.0,5.5,24.0,0.0,0.0
Mohammad Shahid,2016,2016,1.0,18.0,32.0,1.0,1/32,32.0,10.66,18.0,0.0,0.0
Nazmul Hossain,2009,2012,4.0,42.0,67.0,1.0,1/15,67.0,9.57,42.0,0.0,0.0
Aftab Ahmed,2006,2010,1.0,1.0,8.0,0.0,,,24.0,,0.0,0.0
Mahedi Hasan,2018,2018,1.0,12.0,25.0,0.0,,,12.5,,0.0,0.0
Mehrab Hossain jnr,2008,2009,1.0,15.0,20.0,0.0,,,7.05,,0.0,0.0
Mominul Haque,2012,2014,2.0,18.0,32.0,0.0,,,10.66,,0.0,0.0
Muktar Ali,2016,2016,1.0,12.0,17.0,0.0,,,8.5,,0.0,0.0
Robiul Islam,2013,2013,1.0,6.0,13.0,0.0,,,13.0,,0.0,0.0
Sajedul Islam,2013,2013,1.0,6.0,15.0,0.0,,,15.0,,0.0,0.0
Saqlain Sajib,2016,2016,1.0,19.0,40.0,0.0,,,11.42,,0.0,0.0
Sohrawordi Shuvo,2010,2010,1.0,6.0,12.0,0.0,,,12.0,,0.0,0.0
Anamul Haque,2012,2015,,,,,,,,,,
Dhiman Ghosh,2008,2008,,,,,,,,,,
Imrul Kayes,2010,2017,,,,,,,,,,
Jahurul Islam,2010,2013,,,,,,,,,,
Junaid Siddique,2007,2012,,,,,,,,,,
Liton Das,2015,2018,,,,,,,,,,
Mohammad Mithun,2014,2018,,,,,,,,,,
Mushfiqur Rahim,2006,2018,,,,,,,,,,
Nadif Chowdhury,2006,2007,,,,,,,,,,
Nazimuddin,2007,2008,,,,,,,,,,
Nazmus Sadat,2006,2006,,,,,,,,,,
Nurul Hasan,2016,2017,,,,,,,,,,
Raqibul Hasan,2008,2010,,,,,,,,,,
Rony Talukdar,2015,2015,,,,,,,,,,
Shahriar Nafees,2006,2006,,,,,,,,,,
Shamsur Rahman,2013,2014,,,,,,,,,,
Tamim Iqbal,2007,2018,,,,,,,,,,
Zakir Hasan,2018,2018,,,,,,,,,,
Amjad Javed,2014,2017,22.0,445.0,560.0,33.0,3/12,16.96,7.53,13.5,0.0,0.0
Mohammad Naveed,2015,2018,23.0,512.0,521.0,29.0,3/14,17.96,6.08,17.7,0.0,0.0
Rohan Mustafa,2014,2018,23.0,381.0,459.0,19.0,3/9,24.15,7.19,20.1,0.0,0.0
Mohammad Shahzad,2015,2017,19.0,288.0,411.0,13.0,3/34,31.61,8.53,22.2,0.0,0.0
Ahmed Raza,2014,2018,21.0,433.0,476.0,12.0,2/18,39.66,6.58,36.1,0.0,0.0
Imran Haider,2016,2018,6.0,114.0,144.0,6.0,1/16,24.0,7.57,19.0,0.0,0.0
Qadeer Ahmed,2015,2016,8.0,144.0,185.0,6.0,2/25,30.83,7.7,24.0,0.0,0.0
AM Guruge,2014,2015,5.0,96.0,125.0,5.0,2/18,25.0,7.81,19.2,0.0,0.0
Farhan Ahmed,2016,2016,3.0,54.0,66.0,3.0,2/28,22.0,7.33,18.0,0.0,0.0
Zahoor Khan,2017,2018,4.0,72.0,90.0,3.0,2/27,30.0,7.5,24.0,0.0,0.0
Amir Hayat,2018,2018,1.0,24.0,26.0,2.0,2/26,13.0,6.5,12.0,0.0,0.0
Kamran Shazad,2014,2014,3.0,50.0,77.0,2.0,2/19,38.5,8.88,26.0,0.0,0.0
Sharif Asadullah,2014,2014,1.0,18.0,21.0,2.0,2/21,10.5,7.0,9.0,0.0,0.0
EHSN Silva,2014,2014,2.0,42.0,58.0,2.0,1/20,29.0,8.28,21.0,0.0,0.0
Fayyaz Ahmed,2015,2015,1.0,18.0,29.0,1.0,1/29,29.0,9.66,18.0,0.0,0.0
Khurram Khan,2014,2014,1.0,6.0,8.0,1.0,1/8,8.0,8.0,6.0,0.0,0.0
Sultan Ahmed,2017,2017,2.0,36.0,38.0,1.0,1/12,38.0,6.33,36.0,0.0,0.0
Umair Ali,2015,2015,2.0,24.0,28.0,1.0,1/13,28.0,7.0,24.0,0.0,0.0
Zaheer Maqsood,2015,2016,3.0,54.0,80.0,1.0,1/29,80.0,8.88,54.0,0.0,0.0
Atif Ali Khan,2016,2016,1.0,24.0,43.0,0.0,,,10.75,,0.0,0.0
Fahad Tariq,2016,2016,2.0,18.0,26.0,0.0,,,8.66,,0.0,0.0
Mohammad Tauqir,2015,2015,3.0,42.0,55.0,0.0,,,7.85,,0.0,0.0
Mohammed Qasim,2016,2017,1.0,6.0,8.0,0.0,,,8.0,,0.0,0.0
Muhammed Shanil,2016,2016,1.0,24.0,49.0,0.0,,,12.25,,0.0,0.0
Nasir Aziz,2015,2015,1.0,24.0,21.0,0.0,,,5.25,,0.0,0.0
Abdul Shakoor,2015,2015,,,,,,,,,,
Adnan Mufti,2017,2017,,,,,,,,,,
Amjad Ali,2014,2015,,,,,,,,,,
Amjad Gul,2015,2016,,,,,,,,,,
Ashfaq Ahmed,2018,2018,,,,,,,,,,
Chirag Suri,2018,2018,,,,,,,,,,
Faizan Asif,2014,2015,,,,,,,,,,
Ghulam Shabber,2016,2018,,,,,,,,,,
Muhammad Kaleem,2016,2016,,,,,,,,,,
Muhammad Usman,2016,2017,,,,,,,,,,
SP Patil,2014,2016,,,,,,,,,,
Rameez Shahzad,2016,2018,,,,,,,,,,
Saqlain Haider,2016,2016,,,,,,,,,,
Shaiman Anwar,2014,2018,,,,,,,,,,
V Shetty,2014,2014,,,,,,,,,,
L Sreekumar,2017,2017,,,,,,,,,,
Usman Mushtaq,2016,2016,,,,,,,,,,
GH Dockrell,2010,2018,50.0,1028.0,1132.0,59.0,4/20,19.18,6.59,17.4,1.0,0.0
KJ O'Brien,2008,2018,50.0,889.0,1099.0,58.0,4/45,18.94,7.4,15.3,1.0,0.0
AR Cusack,2008,2015,33.0,606.0,714.0,35.0,4/11,20.4,7.06,17.3,3.0,0.0
DT Johnston,2008,2013,28.0,594.0,636.0,32.0,4/22,19.87,6.42,18.5,1.0,0.0
WB Rankin,2009,2018,28.0,582.0,622.0,29.0,3/16,21.44,6.41,20.0,0.0,0.0
MC Sorensen,2012,2016,22.0,390.0,471.0,26.0,3/17,18.11,7.24,15.0,0.0,0.0
AC Botha,2008,2010,10.0,204.0,184.0,21.0,3/14,8.76,5.41,9.7,0.0,0.0
PR Stirling,2009,2018,28.0,420.0,511.0,15.0,3/21,34.06,7.3,28.0,0.0,0.0
AR McBrine,2014,2017,13.0,174.0,216.0,13.0,2/7,16.61,7.44,13.3,0.0,0.0
TJ Murtagh,2012,2016,14.0,266.0,324.0,13.0,3/23,24.92,7.25,20.6,0.0,0.0
J Mulder,2016,2017,8.0,174.0,192.0,12.0,4/16,16.0,6.62,14.5,1.0,0.0
PC Connell,2008,2010,8.0,151.0,156.0,10.0,3/8,15.6,6.11,15.3,0.0,0.0
BJ McCarthy,2017,2018,6.0,144.0,259.0,10.0,4/33,25.9,10.79,14.4,1.0,0.0
JF Mooney,2009,2015,10.0,156.0,176.0,10.0,2/7,17.6,6.76,15.6,0.0,0.0
CA Young,2015,2018,15.0,258.0,362.0,10.0,2/15,36.2,8.41,25.8,0.0,0.0
PKD Chase,2018,2018,6.0,132.0,194.0,9.0,4/35,21.55,8.81,14.6,1.0,0.0
TE Kane,2015,2018,4.0,79.0,125.0,9.0,3/19,13.88,9.37,8.8,0.0,0.0
WK McCallan,2008,2009,7.0,129.0,152.0,8.0,2/26,19.0,6.96,16.3,0.0,0.0
Simi Singh,2018,2018,8.0,147.0,199.0,8.0,3/23,24.87,8.01,18.6,0.0,0.0
SR Thompson,2014,2018,18.0,265.0,379.0,8.0,3/10,47.37,8.51,33.3,0.0,0.0
J Little,2016,2018,4.0,92.0,124.0,3.0,2/20,41.33,7.91,31.3,0.0,0.0
RM West,2009,2009,5.0,114.0,142.0,3.0,1/23,47.33,7.47,38.0,0.0,0.0
AR White,2008,2012,1.0,24.0,18.0,2.0,2/18,9.0,4.5,12.0,0.0,0.0
J Anderson,2015,2015,1.0,6.0,13.0,0.0,,,13.0,,0.0,0.0
PS Eaglestone,2010,2010,1.0,12.0,16.0,0.0,,,8.0,,0.0,0.0
NG Jones,2010,2012,2.0,12.0,14.0,0.0,,,7.0,,0.0,0.0
GE Kidd,2010,2010,1.0,18.0,32.0,0.0,,,10.66,,0.0,0.0
GJ McCarter,2015,2015,2.0,30.0,50.0,0.0,,,10.0,,0.0,0.0
JNK Shannon,2013,2018,1.0,6.0,11.0,0.0,,,11.0,,0.0,0.0
A Balbirnie,2015,2018,,,,,,,,,,
JP Bray,2009,2009,,,,,,,,,,
EC Joyce,2012,2014,,,,,,,,,,
RD McCann,2012,2012,,,,,,,,,,
NJ O'Brien,2008,2016,,,,,,,,,,
WTS Porterfield,2008,2018,,,,,,,,,,
AD Poynter,2012,2016,,,,,,,,,,
SW Poynter,2015,2018,,,,,,,,,,
DA Rankin,2015,2016,,,,,,,,,,
R Strydom,2008,2008,,,,,,,,,,
SP Terry,2016,2016,,,,,,,,,,
GJ Thompson,2016,2017,,,,,,,,,,
L Tucker,2016,2017,,,,,,,,,,
GC Wilson,2008,2018,,,,,,,,,,
SM Sharif,2012,2018,28.0,566.0,773.0,32.0,4/24,24.15,8.16,17.7,1.0,0.0
RM Haq,2007,2013,20.0,450.0,472.0,28.0,3/20,16.85,6.29,16.0,0.0,0.0
AC Evans,2015,2018,14.0,318.0,382.0,22.0,5/24,17.36,7.2,14.4,0.0,1.0
MRJ Watt,2015,2018,21.0,462.0,580.0,22.0,5/27,26.36,7.53,21.0,0.0,1.0
RD Berrington,2008,2018,25.0,307.0,371.0,18.0,3/22,20.61,7.22,17.1,0.0,0.0
MA Leask,2013,2018,15.0,288.0,355.0,17.0,3/20,20.88,7.39,16.9,0.0,0.0
GD Drummond,2008,2013,17.0,330.0,381.0,16.0,3/20,23.81,6.92,20.6,0.0,0.0
JH Davey,2012,2017,13.0,296.0,422.0,14.0,4/34,30.14,8.49,21.2,1.0,0.0
JD Nel,2007,2010,9.0,186.0,169.0,12.0,3/10,14.08,5.45,15.5,0.0,0.0
I Wardlaw,2013,2013,4.0,96.0,145.0,9.0,3/40,16.11,9.06,10.6,0.0,0.0
CD de Lange,2015,2017,7.0,162.0,171.0,8.0,2/17,21.37,6.33,20.2,0.0,0.0
G Goudie,2010,2013,9.0,147.0,224.0,7.0,3/22,32.0,9.02,21.2,0.0,0.0
JAR Blain,2007,2008,5.0,120.0,108.0,6.0,2/23,18.0,5.4,20.0,0.0,0.0
NM Carter,2013,2013,7.0,156.0,168.0,6.0,2/27,28.0,6.46,26.0,0.0,0.0
KJ Coetzer,2008,2018,5.0,66.0,71.0,5.0,3/25,14.2,6.45,13.2,0.0,0.0
MW Machan,2013,2016,7.0,133.0,156.0,5.0,3/23,31.2,6.93,27.0,0.0,0.0
RML Taylor,2013,2016,9.0,150.0,196.0,5.0,3/17,39.2,7.84,30.0,0.0,0.0
BTJ Wheal,2016,2017,5.0,103.0,143.0,5.0,3/20,28.6,8.25,20.8,0.0,0.0
Hamza Tahir,2018,2018,3.0,72.0,126.0,4.0,3/26,31.5,10.5,18.0,0.0,0.0
PL Mommsen,2012,2016,7.0,138.0,164.0,4.0,1/23,41.0,7.13,34.5,0.0,0.0
CM Wright,2007,2009,2.0,30.0,49.0,4.0,3/29,12.25,9.8,7.5,0.0,0.0
CG Burnett,2013,2013,1.0,24.0,18.0,3.0,3/18,6.0,4.5,8.0,0.0,0.0
JH Stander,2009,2012,7.0,79.0,156.0,3.0,2/24,52.0,11.55,27.0,0.0,0.0
RR Watson,2007,2010,5.0,60.0,92.0,3.0,1/4,30.66,9.2,20.0,0.0,0.0
SG Whittingham,2018,2018,3.0,60.0,79.0,3.0,2/33,26.33,7.9,20.0,0.0,0.0
MM Iqbal,2012,2013,3.0,48.0,59.0,2.0,2/15,29.5,7.37,24.0,0.0,0.0
CS MacLeod,2009,2018,6.0,78.0,111.0,2.0,2/17,55.5,8.53,39.0,0.0,0.0
GI Maiden,2008,2008,3.0,60.0,58.0,2.0,1/20,29.0,5.8,30.0,0.0,0.0
GT Main,2015,2016,2.0,24.0,34.0,2.0,1/13,17.0,8.5,12.0,0.0,0.0
GA Rogers,2008,2009,2.0,45.0,67.0,2.0,2/15,33.5,8.55,23.5,0.0,0.0
CB Sole,2017,2018,4.0,96.0,141.0,2.0,2/38,70.5,8.81,48.0,0.0,0.0
RT Lyons,2010,2010,2.0,36.0,40.0,1.0,1/26,40.0,6.66,36.0,0.0,0.0
MA Parker,2012,2012,2.0,36.0,61.0,1.0,1/36,61.0,10.16,36.0,0.0,0.0
DR Brown,2007,2007,1.0,24.0,44.0,0.0,,,11.0,,0.0,0.0
DE Budge,2018,2018,,,,,,,,,,
FRJ Coleman,2013,2013,,,,,,,,,,
MH Cross,2013,2018,,,,,,,,,,
R Flannigan,2012,2012,,,,,,,,,,
GM Hamilton,2007,2010,,,,,,,,,,
NFI McCallum,2007,2010,,,,,,,,,,
HG Munsey,2015,2018,,,,,,,,,,
D Murphy,2013,2013,,,,,,,,,,
NS Poonia,2007,2010,,,,,,,,,,
CJO Smith,2007,2009,,,,,,,,,,
SJS Smith,2010,2012,,,,,,,,,,
CD Wallace,2012,2017,,,,,,,,,,
DF Watts,2007,2012,,,,,,,,,,
Mohammad Nabi,2010,2018,65.0,1364.0,1625.0,67.0,4/10,24.25,7.13,20.3,3.0,0.0
Rashid Khan,2015,2018,34.0,768.0,746.0,62.0,5/3,12.03,5.82,12.3,2.0,1.0
Dawlat Zadran,2012,2017,33.0,720.0,953.0,39.0,4/44,24.43,7.94,18.4,1.0,0.0
Shapoor Zadran,2010,2018,34.0,645.0,843.0,35.0,3/40,24.08,7.81,18.4,0.0,0.0
Hamid Hassan,2010,2016,22.0,476.0,523.0,32.0,4/22,16.34,6.56,14.9,1.0,0.0
Amir Hamza,2013,2017,31.0,636.0,716.0,29.0,3/39,24.68,6.75,21.9,0.0,0.0
Samiullah Shinwari,2010,2018,37.0,620.0,660.0,28.0,5/13,23.57,6.36,22.2,1.0,1.0
Karim Janat,2016,2018,14.0,294.0,424.0,15.0,3/24,28.26,8.65,19.6,0.0,0.0
Karim Sadiq,2010,2018,28.0,420.0,482.0,14.0,3/17,34.42,6.88,30.0,0.0,0.0
Mirwais Ashraf,2010,2016,22.0,391.0,444.0,14.0,2/6,31.71,6.79,28.0,0.0,0.0
Fareed Ahmad,2016,2018,9.0,198.0,241.0,13.0,3/35,18.53,7.3,15.2,0.0,0.0
Aftab Alam,2012,2018,12.0,243.0,324.0,11.0,2/23,29.45,7.93,22.2,0.0,0.0
Gulbadin Naib,2012,2018,21.0,264.0,394.0,9.0,2/24,43.77,8.95,29.3,0.0,0.0
Mujeeb Ur Rahman,2018,2018,7.0,162.0,137.0,9.0,3/17,15.22,5.07,18.0,0.0,0.0
Sayed Shirzad,2015,2016,3.0,66.0,74.0,7.0,3/16,10.57,6.72,9.4,0.0,0.0
Izatullah Dawlatzai,2012,2012,4.0,72.0,134.0,6.0,3/33,22.33,11.16,12.0,0.0,0.0
Rokhan Barakzai,2015,2015,3.0,60.0,75.0,6.0,2/21,12.5,7.5,10.0,0.0,0.0
Sharafuddin Ashraf,2015,2018,6.0,120.0,156.0,5.0,3/27,31.2,7.8,24.0,0.0,0.0
Yamin Ahmadzai,2015,2015,2.0,42.0,65.0,5.0,3/34,13.0,9.06,8.6,0.0,0.0
Nawroz Mangal,2010,2017,6.0,60.0,80.0,4.0,3/23,20.0,8.0,15.0,0.0,0.0
Dawlat Ahmadzai,2010,2010,2.0,24.0,46.0,2.0,1/21,23.0,11.5,12.0,0.0,0.0
M Nasim Baras,2015,2015,3.0,48.0,56.0,2.0,1/11,28.0,7.0,24.0,0.0,0.0
Asghar Afghan,2010,2018,1.0,2.0,4.0,1.0,1/4,4.0,6.0,4.0,0.0,0.0
Zamir Khan,2012,2012,1.0,24.0,26.0,1.0,1/26,26.0,6.5,24.0,0.0,0.0
Afsar Zazai,2013,2013,,,,,,,,,,
Hashmatullah Shahidi,2013,2013,,,,,,,,,,
Hazratullah Zazai,2016,2018,,,,,,,,,,
Javed Ahmadi,2012,2017,,,,,,,,,,
Mohammad Shahzad,2010,2018,,,,,,,,,,
Najeeb Tarakai,2014,2017,,,,,,,,,,
Najibullah Zadran,2012,2018,,,,,,,,,,
Noor Ali Zadran,2010,2017,,,,,,,,,,
Raees Ahmadzai,2010,2010,,,,,,,,,,
Shabir Noori,2012,2012,,,,,,,,,,
Shafiqullah,2010,2018,,,,,,,,,,
Usman Ghani,2015,2018,,,,,,,,,,
