Name,Career Start,Career End,Innings Fielded,Fielding Dismissals Made,Catches Taken,Stumpings Made,Catches As A Keeper,Catches As A Fielder,Max Dismissals In An Innings,Dismissals Per Innings
EJG Morgan,2009,2018,77.0,34.0,34.0,0.0,0.0,34.0,3 (3ct 0st),0.441
AD Hales,2011,2018,56.0,31.0,31.0,0.0,0.0,31.0,2 (2ct 0st),0.5529999999999999
JC Buttler,2011,2018,65.0,27.0,23.0,4.0,21.0,2.0,3 (3ct 0st),0.415
JM Bairstow,2011,2018,27.0,23.0,23.0,0.0,3.0,20.0,2 (2ct 0st),0.851
SCJ Broad,2006,2014,56.0,21.0,21.0,0.0,0.0,21.0,3 (3ct 0st),0.375
C Kieswetter,2010,2012,25.0,20.0,17.0,3.0,17.0,0.0,3 (2ct 1st),0.8
CJ Jordan,2014,2018,35.0,16.0,16.0,0.0,0.0,16.0,2 (2ct 0st),0.457
JE Root,2012,2018,28.0,15.0,15.0,0.0,0.0,15.0,2 (2ct 0st),0.535
PD Collingwood,2005,2011,35.0,14.0,14.0,0.0,0.0,14.0,2 (2ct 0st),0.4
KP Pietersen,2005,2013,36.0,14.0,14.0,0.0,0.0,14.0,3 (3ct 0st),0.38799999999999996
LJ Wright,2007,2014,50.0,14.0,14.0,0.0,0.0,14.0,2 (2ct 0st),0.28
SW Billings,2015,2018,17.0,12.0,11.0,1.0,2.0,9.0,3 (2ct 1st),0.705
TT Bresnan,2006,2014,34.0,10.0,10.0,0.0,0.0,10.0,2 (2ct 0st),0.294
MJ Prior,2007,2010,10.0,9.0,6.0,3.0,6.0,0.0,4 (4ct 0st),0.9
AU Rashid,2009,2018,33.0,9.0,9.0,0.0,0.0,9.0,2 (2ct 0st),0.272
BA Stokes,2011,2018,22.0,9.0,9.0,0.0,0.0,9.0,3 (3ct 0st),0.409
DJ Willey,2015,2018,24.0,9.0,9.0,0.0,0.0,9.0,1 (1ct 0st),0.375
JW Dernbach,2011,2014,33.0,8.0,8.0,0.0,0.0,8.0,2 (2ct 0st),0.242
MJ Lumb,2010,2014,26.0,8.0,8.0,0.0,0.0,8.0,1 (1ct 0st),0.307
MH Yardy,2006,2011,14.0,8.0,8.0,0.0,0.0,8.0,2 (2ct 0st),0.5710000000000001
MM Ali,2014,2018,25.0,7.0,7.0,0.0,0.0,7.0,2 (2ct 0st),0.28
RS Bopara,2008,2014,37.0,7.0,7.0,0.0,0.0,7.0,2 (2ct 0st),0.18899999999999997
AD Mascarenhas,2007,2009,14.0,7.0,7.0,0.0,0.0,7.0,2 (2ct 0st),0.5
ST Finn,2011,2015,21.0,6.0,6.0,0.0,0.0,6.0,1 (1ct 0st),0.285
JS Foster,2009,2009,5.0,6.0,3.0,3.0,3.0,0.0,2 (1ct 1st),1.2
LE Plunkett,2006,2018,20.0,6.0,6.0,0.0,0.0,6.0,1 (1ct 0st),0.3
A Flintoff,2005,2007,7.0,5.0,5.0,0.0,0.0,5.0,2 (2ct 0st),0.7140000000000001
JJ Roy,2014,2018,32.0,5.0,5.0,0.0,0.0,5.0,1 (1ct 0st),0.156
OA Shah,2007,2009,17.0,5.0,5.0,0.0,0.0,5.0,2 (2ct 0st),0.294
RJ Sidebottom,2007,2010,18.0,5.0,5.0,0.0,0.0,5.0,2 (2ct 0st),0.27699999999999997
GP Swann,2008,2012,39.0,5.0,5.0,0.0,0.0,5.0,1 (1ct 0st),0.128
IR Bell,2006,2014,8.0,4.0,4.0,0.0,0.0,4.0,1 (1ct 0st),0.5
JM Anderson,2007,2009,19.0,3.0,3.0,0.0,0.0,3.0,1 (1ct 0st),0.157
SM Davies,2009,2011,5.0,3.0,2.0,1.0,2.0,0.0,2 (2ct 0st),0.6
SR Patel,2011,2013,18.0,3.0,3.0,0.0,0.0,3.0,1 (1ct 0st),0.166
VS Solanki,2005,2007,3.0,3.0,3.0,0.0,2.0,1.0,2 (2ct 0st),1.0
TR Ambrose,2008,2008,1.0,2.0,1.0,1.0,1.0,0.0,2 (1ct 1st),2.0
LA Dawson,2016,2018,6.0,2.0,2.0,0.0,0.0,2.0,1 (1ct 0st),0.33299999999999996
GO Jones,2005,2006,2.0,2.0,2.0,0.0,2.0,0.0,1 (1ct 0st),1.0
SD Parry,2014,2015,5.0,2.0,2.0,0.0,0.0,2.0,2 (2ct 0st),0.4
JC Tredwell,2012,2014,16.0,2.0,2.0,0.0,0.0,2.0,1 (1ct 0st),0.125
ME Trescothick,2005,2006,3.0,2.0,2.0,0.0,0.0,2.0,2 (2ct 0st),0.6659999999999999
JT Ball,2018,2018,2.0,1.0,1.0,0.0,0.0,1.0,1 (1ct 0st),0.5
SG Borthwick,2011,2011,1.0,1.0,1.0,0.0,0.0,1.0,1 (1ct 0st),1.0
DR Briggs,2012,2014,6.0,1.0,1.0,0.0,0.0,1.0,1 (1ct 0st),0.166
MA Carberry,2014,2014,1.0,1.0,1.0,0.0,0.0,1.0,1 (1ct 0st),1.0
AN Cook,2007,2009,4.0,1.0,1.0,0.0,0.0,1.0,1 (1ct 0st),0.25
TK Curran,2017,2018,7.0,1.0,1.0,0.0,0.0,1.0,1 (1ct 0st),0.142
JWM Dalrymple,2006,2007,3.0,1.0,1.0,0.0,0.0,1.0,1 (1ct 0st),0.33299999999999996
JL Denly,2009,2018,6.0,1.0,1.0,0.0,0.0,1.0,1 (1ct 0st),0.166
SJ Harmison,2005,2006,2.0,1.0,1.0,0.0,0.0,1.0,1 (1ct 0st),0.5
RWT Key,2009,2009,1.0,1.0,1.0,0.0,0.0,1.0,1 (1ct 0st),1.0
J Lewis,2005,2007,2.0,1.0,1.0,0.0,0.0,1.0,1 (1ct 0st),0.5
DL Maddy,2007,2007,4.0,1.0,1.0,0.0,0.0,1.0,1 (1ct 0st),0.25
SI Mahmood,2006,2009,4.0,1.0,1.0,0.0,0.0,1.0,1 (1ct 0st),0.25
DJ Malan,2017,2018,5.0,1.0,1.0,0.0,0.0,1.0,1 (1ct 0st),0.2
SC Meaker,2012,2012,2.0,1.0,1.0,0.0,0.0,1.0,1 (1ct 0st),0.5
TS Mills,2016,2017,4.0,1.0,1.0,0.0,0.0,1.0,1 (1ct 0st),0.25
PA Nixon,2007,2007,1.0,1.0,0.0,1.0,0.0,0.0,1 (0ct 1st),1.0
CMW Read,2006,2006,1.0,1.0,1.0,0.0,1.0,0.0,1 (1ct 0st),1.0
CP Schofield,2007,2007,4.0,1.0,1.0,0.0,0.0,1.0,1 (1ct 0st),0.25
A Shahzad,2010,2011,3.0,1.0,1.0,0.0,0.0,1.0,1 (1ct 0st),0.33299999999999996
JN Snape,2007,2007,1.0,1.0,1.0,0.0,0.0,1.0,1 (1ct 0st),1.0
AJ Strauss,2005,2009,4.0,1.0,1.0,0.0,0.0,1.0,1 (1ct 0st),0.25
RJW Topley,2015,2016,6.0,1.0,1.0,0.0,0.0,1.0,1 (1ct 0st),0.166
CR Woakes,2011,2015,8.0,1.0,1.0,0.0,0.0,1.0,1 (1ct 0st),0.125
GJ Batty,2009,2009,1.0,0.0,0.0,0.0,0.0,0.0,0,0.0
MS Crane,2017,2017,2.0,0.0,0.0,0.0,0.0,0.0,0,0.0
D Gough,2005,2006,2.0,0.0,0.0,0.0,0.0,0.0,0,0.0
HF Gurney,2014,2014,2.0,0.0,0.0,0.0,0.0,0.0,0,0.0
EC Joyce,2006,2007,2.0,0.0,0.0,0.0,0.0,0.0,0,0.0
A Khan,2009,2009,1.0,0.0,0.0,0.0,0.0,0.0,0,0.0
RJ Kirtley,2007,2007,1.0,0.0,0.0,0.0,0.0,0.0,0,0.0
LS Livingstone,2017,2017,2.0,0.0,0.0,0.0,0.0,0.0,0,0.0
P Mustard,2008,2008,2.0,0.0,0.0,0.0,0.0,0.0,0,0.0
MS Panesar,2007,2007,1.0,0.0,0.0,0.0,0.0,0.0,0,0.0
WB Rankin,2013,2013,1.0,0.0,0.0,0.0,0.0,0.0,0,0.0
CT Tremlett,2007,2007,1.0,0.0,0.0,0.0,0.0,0.0,0,0.0
IJL Trott,2007,2010,7.0,0.0,0.0,0.0,0.0,0.0,0,0.0
MP Vaughan,2005,2007,2.0,0.0,0.0,0.0,0.0,0.0,0,0.0
JM Vince,2015,2018,7.0,0.0,0.0,0.0,0.0,0.0,0,0.0
MA Wood,2015,2018,4.0,0.0,0.0,0.0,0.0,0.0,0,0.0
DA Warner,2009,2018,70.0,41.0,41.0,0.0,0.0,41.0,3 (3ct 0st),0.585
GJ Maxwell,2012,2018,56.0,29.0,29.0,0.0,0.0,29.0,2 (2ct 0st),0.517
DJ Hussey,2008,2012,39.0,24.0,24.0,0.0,0.0,24.0,2 (2ct 0st),0.615
BJ Haddin,2006,2014,34.0,23.0,17.0,6.0,17.0,0.0,3 (3ct 0st),0.6759999999999999
CL White,2007,2014,47.0,23.0,23.0,0.0,0.0,23.0,2 (2ct 0st),0.489
AJ Finch,2011,2018,49.0,21.0,21.0,0.0,0.0,21.0,3 (3ct 0st),0.428
MEK Hussey,2005,2012,38.0,20.0,20.0,0.0,0.0,20.0,3 (3ct 0st),0.526
SR Watson,2006,2016,58.0,20.0,20.0,0.0,0.0,20.0,2 (2ct 0st),0.344
SPD Smith,2010,2016,30.0,18.0,18.0,0.0,0.0,18.0,2 (2ct 0st),0.6
AC Gilchrist,2005,2008,13.0,17.0,17.0,0.0,17.0,0.0,4 (4ct 0st),1.307
AT Carey,2018,2018,18.0,16.0,11.0,5.0,11.0,0.0,2 (2ct 0st),0.888
MS Wade,2011,2016,26.0,15.0,13.0,2.0,13.0,0.0,3 (2ct 1st),0.5760000000000001
MJ Clarke,2005,2010,34.0,13.0,13.0,0.0,0.0,13.0,2 (2ct 0st),0.382
NM Coulter-Nile,2013,2018,25.0,12.0,12.0,0.0,0.0,12.0,2 (2ct 0st),0.48
TD Paine,2009,2017,10.0,12.0,10.0,2.0,10.0,0.0,3 (3ct 0st),1.2
JP Faulkner,2012,2017,24.0,11.0,11.0,0.0,0.0,11.0,2 (2ct 0st),0.45799999999999996
AC Agar,2016,2018,15.0,10.0,10.0,0.0,0.0,10.0,2 (2ct 0st),0.6659999999999999
GJ Bailey,2012,2016,29.0,10.0,10.0,0.0,0.0,10.0,2 (2ct 0st),0.344
RT Ponting,2005,2009,17.0,8.0,8.0,0.0,0.0,8.0,2 (2ct 0st),0.47
DJM Short,2018,2018,17.0,8.0,8.0,0.0,0.0,8.0,2 (2ct 0st),0.47
AJ Tye,2016,2018,25.0,8.0,8.0,0.0,0.0,8.0,2 (2ct 0st),0.32
BR Dunk,2014,2017,5.0,7.0,5.0,2.0,4.0,1.0,3 (1ct 2st),1.4
JA Richardson,2017,2018,7.0,7.0,7.0,0.0,0.0,7.0,2 (2ct 0st),1.0
NW Bracken,2006,2009,19.0,6.0,6.0,0.0,0.0,6.0,1 (1ct 0st),0.315
B Lee,2005,2012,25.0,6.0,6.0,0.0,0.0,6.0,3 (3ct 0st),0.24
MA Starc,2012,2018,23.0,6.0,6.0,0.0,0.0,6.0,2 (2ct 0st),0.26
MP Stoinis,2015,2018,16.0,6.0,6.0,0.0,0.0,6.0,1 (1ct 0st),0.375
DT Christian,2010,2017,16.0,5.0,5.0,0.0,0.0,5.0,2 (2ct 0st),0.312
BCJ Cutting,2013,2014,4.0,5.0,5.0,0.0,0.0,5.0,3 (3ct 0st),1.25
BJ Hodge,2007,2014,15.0,5.0,5.0,0.0,0.0,5.0,1 (1ct 0st),0.33299999999999996
MG Johnson,2007,2013,30.0,5.0,5.0,0.0,0.0,5.0,1 (1ct 0st),0.166
UT Khawaja,2016,2016,9.0,5.0,5.0,0.0,0.0,5.0,1 (1ct 0st),0.555
JP Behrendorff,2017,2018,4.0,4.0,4.0,0.0,0.0,4.0,3 (3ct 0st),1.0
SR Clark,2006,2007,9.0,4.0,4.0,0.0,0.0,4.0,1 (1ct 0st),0.444
PJ Cummins,2011,2017,18.0,4.0,4.0,0.0,0.0,4.0,1 (1ct 0st),0.222
TM Head,2016,2018,16.0,4.0,4.0,0.0,0.0,4.0,1 (1ct 0st),0.25
BR McDermott,2018,2018,7.0,4.0,4.0,0.0,0.0,4.0,2 (2ct 0st),0.5710000000000001
MR Marsh,2011,2018,11.0,4.0,4.0,0.0,0.0,4.0,2 (2ct 0st),0.363
KW Richardson,2014,2018,9.0,4.0,4.0,0.0,0.0,4.0,2 (2ct 0st),0.444
MC Henriques,2009,2017,11.0,3.0,3.0,0.0,0.0,3.0,1 (1ct 0st),0.272
JR Hopes,2005,2010,12.0,3.0,3.0,0.0,0.0,3.0,1 (1ct 0st),0.25
CA Lynn,2014,2018,17.0,3.0,3.0,0.0,0.0,3.0,1 (1ct 0st),0.17600000000000002
SE Marsh,2008,2016,15.0,3.0,3.0,0.0,0.0,3.0,2 (2ct 0st),0.2
JM Muirhead,2014,2014,5.0,3.0,3.0,0.0,0.0,3.0,1 (1ct 0st),0.6
PM Nevill,2016,2016,9.0,3.0,2.0,1.0,2.0,0.0,1 (1ct 0st),0.33299999999999996
JL Pattinson,2011,2012,4.0,3.0,3.0,0.0,0.0,3.0,2 (2ct 0st),0.75
A Symonds,2005,2009,14.0,3.0,3.0,0.0,0.0,3.0,1 (1ct 0st),0.214
SW Tait,2007,2016,21.0,3.0,3.0,0.0,0.0,3.0,1 (1ct 0st),0.142
AC Voges,2007,2013,7.0,3.0,3.0,0.0,0.0,3.0,1 (1ct 0st),0.428
SA Abbott,2014,2014,3.0,2.0,2.0,0.0,0.0,2.0,2 (2ct 0st),0.6659999999999999
DE Bollinger,2011,2014,9.0,2.0,2.0,0.0,0.0,2.0,1 (1ct 0st),0.222
JW Hastings,2010,2016,9.0,2.0,2.0,0.0,0.0,2.0,1 (1ct 0st),0.222
MS Kasprowicz,2005,2005,2.0,2.0,2.0,0.0,0.0,2.0,1 (1ct 0st),1.0
SM Katich,2005,2006,3.0,2.0,2.0,0.0,0.0,2.0,1 (1ct 0st),0.6659999999999999
M Klinger,2017,2017,3.0,2.0,2.0,0.0,0.0,2.0,1 (1ct 0st),0.6659999999999999
AJ Turner,2017,2017,3.0,2.0,2.0,0.0,0.0,2.0,1 (1ct 0st),0.6659999999999999
CT Bancroft,2016,2016,1.0,1.0,1.0,0.0,1.0,0.0,1 (1ct 0st),1.0
TR Birt,2010,2012,4.0,1.0,1.0,0.0,0.0,1.0,1 (1ct 0st),0.25
SM Boland,2016,2016,3.0,1.0,1.0,0.0,0.0,1.0,1 (1ct 0st),0.33299999999999996
CJ Ferguson,2009,2009,3.0,1.0,1.0,0.0,0.0,1.0,1 (1ct 0st),0.33299999999999996
NM Hauritz,2009,2009,3.0,1.0,1.0,0.0,0.0,1.0,1 (1ct 0st),0.33299999999999996
ML Hayden,2005,2007,9.0,1.0,1.0,0.0,0.0,1.0,1 (1ct 0st),0.111
JR Hazlewood,2013,2016,7.0,1.0,1.0,0.0,0.0,1.0,1 (1ct 0st),0.142
GB Hogg,2006,2014,15.0,1.0,1.0,0.0,0.0,1.0,1 (1ct 0st),0.066
B Laughlin,2009,2013,3.0,1.0,1.0,0.0,0.0,1.0,1 (1ct 0st),0.33299999999999996
ML Lewis,2006,2006,2.0,1.0,1.0,0.0,0.0,1.0,1 (1ct 0st),0.5
GD McGrath,2005,2005,2.0,1.0,1.0,0.0,0.0,1.0,1 (1ct 0st),0.5
NJ Maddinson,2013,2018,6.0,1.0,1.0,0.0,0.0,1.0,1 (1ct 0st),0.166
DR Martyn,2005,2006,4.0,1.0,1.0,0.0,0.0,1.0,1 (1ct 0st),0.25
DP Nannes,2009,2010,15.0,1.0,1.0,0.0,0.0,1.0,1 (1ct 0st),0.066
SNJ O'Keefe,2010,2011,7.0,1.0,1.0,0.0,0.0,1.0,1 (1ct 0st),0.142
JD Wildermuth,2018,2018,2.0,1.0,1.0,0.0,0.0,1.0,1 (1ct 0st),0.5
CJ Boyce,2014,2016,7.0,0.0,0.0,0.0,0.0,0.0,0,0.0
XJ Doherty,2012,2013,11.0,0.0,0.0,0.0,0.0,0.0,0,0.0
Fawad Ahmed,2013,2013,2.0,0.0,0.0,0.0,0.0,0.0,0,0.0
B Geeves,2009,2009,1.0,0.0,0.0,0.0,0.0,0.0,0,0.0
JN Gillespie,2005,2005,1.0,0.0,0.0,0.0,0.0,0.0,0,0.0
RJ Harris,2010,2010,3.0,0.0,0.0,0.0,0.0,0.0,0,0.0
SM Harwood,2007,2009,3.0,0.0,0.0,0.0,0.0,0.0,0,0.0
BW Hilfenhaus,2007,2012,7.0,0.0,0.0,0.0,0.0,0.0,0,0.0
PJ Hughes,2014,2014,1.0,0.0,0.0,0.0,0.0,0.0,0,0.0
NM Lyon,2016,2018,2.0,0.0,0.0,0.0,0.0,0.0,0,0.0
CJ McKay,2010,2013,6.0,0.0,0.0,0.0,0.0,0.0,0,0.0
AA Noffke,2007,2008,2.0,0.0,0.0,0.0,0.0,0.0,0,0.0
MJ North,2009,2009,1.0,0.0,0.0,0.0,0.0,0.0,0,0.0
LA Pomersbach,2007,2007,1.0,0.0,0.0,0.0,0.0,0.0,0,0.0
NJ Reardon,2014,2014,2.0,0.0,0.0,0.0,0.0,0.0,0,0.0
BJ Rohrer,2013,2013,1.0,0.0,0.0,0.0,0.0,0.0,0,0.0
L Ronchi,2008,2009,3.0,0.0,0.0,0.0,0.0,0.0,0,0.0
PM Siddle,2009,2010,2.0,0.0,0.0,0.0,0.0,0.0,0,0.0
B Stanlake,2017,2018,17.0,0.0,0.0,0.0,0.0,0.0,0,0.0
MJ Swepson,2018,2018,1.0,0.0,0.0,0.0,0.0,0.0,0,0.0
A Zampa,2016,2018,19.0,0.0,0.0,0.0,0.0,0.0,0,0.0
AB de Villiers,2006,2017,78.0,72.0,65.0,7.0,21.0,44.0,4 (4ct 0st),0.9229999999999999
Q de Kock,2012,2018,35.0,44.0,35.0,9.0,35.0,0.0,4 (3ct 1st),1.2570000000000001
DA Miller,2010,2018,61.0,37.0,37.0,0.0,0.0,37.0,3 (3ct 0st),0.606
JP Duminy,2007,2018,78.0,34.0,34.0,0.0,0.0,34.0,2 (2ct 0st),0.435
MV Boucher,2005,2010,25.0,19.0,18.0,1.0,18.0,0.0,3 (3ct 0st),0.76
HM Amla,2009,2018,41.0,18.0,18.0,0.0,0.0,18.0,2 (2ct 0st),0.439
F du Plessis,2012,2018,39.0,18.0,18.0,0.0,0.0,18.0,2 (2ct 0st),0.461
GC Smith,2005,2011,33.0,18.0,18.0,0.0,0.0,18.0,2 (2ct 0st),0.545
J Botha,2006,2012,40.0,17.0,17.0,0.0,0.0,17.0,2 (2ct 0st),0.425
JA Morkel,2005,2015,50.0,17.0,17.0,0.0,0.0,17.0,2 (2ct 0st),0.34
F Behardien,2012,2018,38.0,14.0,14.0,0.0,0.0,14.0,2 (2ct 0st),0.368
DW Steyn,2007,2016,42.0,11.0,11.0,0.0,0.0,11.0,1 (1ct 0st),0.261
JL Ontong,2008,2015,14.0,10.0,10.0,0.0,0.0,10.0,3 (3ct 0st),0.7140000000000001
RJ Peterson,2006,2014,21.0,10.0,10.0,0.0,0.0,10.0,2 (2ct 0st),0.47600000000000003
RR Rossouw,2014,2016,15.0,9.0,9.0,0.0,0.0,9.0,3 (3ct 0st),0.6
D Wiese,2013,2016,20.0,9.0,9.0,0.0,0.0,9.0,2 (2ct 0st),0.45
HH Gibbs,2005,2010,23.0,8.0,8.0,0.0,0.0,8.0,3 (3ct 0st),0.34700000000000003
M Mosehle,2017,2017,7.0,8.0,6.0,2.0,6.0,0.0,3 (2ct 1st),1.1420000000000001
KJ Abbott,2013,2016,21.0,7.0,7.0,0.0,0.0,7.0,2 (2ct 0st),0.33299999999999996
JH Kallis,2005,2012,25.0,7.0,7.0,0.0,0.0,7.0,2 (2ct 0st),0.28
H Klaasen,2018,2018,6.0,6.0,6.0,0.0,4.0,2.0,2 (2ct 0st),1.0
RE van der Merwe,2009,2010,13.0,6.0,6.0,0.0,0.0,6.0,1 (1ct 0st),0.461
MN van Wyk,2007,2015,8.0,6.0,5.0,1.0,3.0,2.0,1 (1ct 0st),0.75
Imran Tahir,2013,2018,34.0,5.0,5.0,0.0,0.0,5.0,1 (1ct 0st),0.147
HG Kuhn,2009,2017,7.0,5.0,5.0,0.0,4.0,1.0,3 (3ct 0st),0.7140000000000001
M Morkel,2007,2017,41.0,5.0,5.0,0.0,0.0,5.0,1 (1ct 0st),0.121
CH Morris,2012,2018,18.0,5.0,5.0,0.0,0.0,5.0,2 (2ct 0st),0.27699999999999997
WD Parnell,2009,2017,40.0,5.0,5.0,0.0,0.0,5.0,1 (1ct 0st),0.125
RR Hendricks,2014,2018,14.0,4.0,4.0,0.0,0.0,4.0,1 (1ct 0st),0.285
RE Levi,2012,2012,13.0,4.0,4.0,0.0,0.0,4.0,1 (1ct 0st),0.307
AL Phehlukwayo,2017,2018,16.0,4.0,4.0,0.0,0.0,4.0,1 (1ct 0st),0.25
JM Kemp,2005,2007,8.0,3.0,3.0,0.0,0.0,3.0,1 (1ct 0st),0.375
R McLaren,2009,2014,12.0,3.0,3.0,0.0,0.0,3.0,1 (1ct 0st),0.25
TB de Bruyn,2017,2017,2.0,2.0,2.0,0.0,0.0,2.0,2 (2ct 0st),1.0
BE Hendricks,2014,2017,7.0,2.0,2.0,0.0,0.0,2.0,2 (2ct 0st),0.285
CA Ingram,2010,2012,9.0,2.0,2.0,0.0,0.0,2.0,1 (1ct 0st),0.222
M Ntini,2005,2011,10.0,2.0,2.0,0.0,0.0,2.0,1 (1ct 0st),0.2
SM Pollock,2005,2008,12.0,2.0,2.0,0.0,0.0,2.0,1 (1ct 0st),0.166
K Rabada,2014,2018,18.0,2.0,2.0,0.0,0.0,2.0,1 (1ct 0st),0.111
J Theron,2010,2012,9.0,2.0,2.0,0.0,0.0,2.0,1 (1ct 0st),0.222
LE Bosman,2006,2010,14.0,1.0,1.0,0.0,0.0,1.0,1 (1ct 0st),0.071
CJ Dala,2018,2018,5.0,1.0,1.0,0.0,0.0,1.0,1 (1ct 0st),0.2
M de Lange,2012,2015,6.0,1.0,1.0,0.0,0.0,1.0,1 (1ct 0st),0.166
R Frylinck,2017,2018,3.0,1.0,1.0,0.0,0.0,1.0,1 (1ct 0st),0.33299999999999996
C Jonker,2018,2018,2.0,1.0,1.0,0.0,0.0,1.0,1 (1ct 0st),0.5
RK Kleinveldt,2008,2013,6.0,1.0,1.0,0.0,0.0,1.0,1 (1ct 0st),0.166
CK Langeveldt,2005,2010,9.0,1.0,1.0,0.0,0.0,1.0,1 (1ct 0st),0.111
A Nel,2005,2007,2.0,1.0,1.0,0.0,0.0,1.0,1 (1ct 0st),0.5
L Ngidi,2017,2018,7.0,1.0,1.0,0.0,0.0,1.0,1 (1ct 0st),0.142
D Paterson,2017,2018,8.0,1.0,1.0,0.0,0.0,1.0,1 (1ct 0st),0.125
AN Petersen,2010,2010,2.0,1.0,1.0,0.0,0.0,1.0,1 (1ct 0st),0.5
VD Philander,2007,2007,7.0,1.0,1.0,0.0,0.0,1.0,1 (1ct 0st),0.142
T Shamsi,2017,2018,9.0,1.0,1.0,0.0,0.0,1.0,1 (1ct 0st),0.111
JT Smuts,2017,2018,8.0,1.0,1.0,0.0,0.0,1.0,1 (1ct 0st),0.125
LL Tsotsobe,2009,2014,23.0,1.0,1.0,0.0,0.0,1.0,1 (1ct 0st),0.043
YA Abdulla,2009,2009,2.0,0.0,0.0,0.0,0.0,0.0,0,0.0
GH Bodi,2007,2007,1.0,0.0,0.0,0.0,0.0,0.0,0,0.0
N Boje,2005,2005,1.0,0.0,0.0,0.0,0.0,0.0,0,0.0
GL Cloete,2018,2018,1.0,0.0,0.0,0.0,0.0,0.0,0,0.0
H Davids,2012,2013,9.0,0.0,0.0,0.0,0.0,0.0,0,0.0
HH Dippenaar,2006,2006,1.0,0.0,0.0,0.0,0.0,0.0,0,0.0
AJ Hall,2006,2006,2.0,0.0,0.0,0.0,0.0,0.0,0,0.0
T Henderson,2006,2006,1.0,0.0,0.0,0.0,0.0,0.0,0,0.0
GJP Kruger,2006,2006,1.0,0.0,0.0,0.0,0.0,0.0,0,0.0
E Leie,2015,2015,2.0,0.0,0.0,0.0,0.0,0.0,0,0.0
J Louw,2008,2009,2.0,0.0,0.0,0.0,0.0,0.0,0,0.0
ND McKenzie,2006,2009,2.0,0.0,0.0,0.0,0.0,0.0,0,0.0
AM Phangiso,2012,2018,16.0,0.0,0.0,0.0,0.0,0.0,0,0.0
D Pretorius,2017,2017,2.0,0.0,0.0,0.0,0.0,0.0,0,0.0
AG Prince,2005,2005,1.0,0.0,0.0,0.0,0.0,0.0,0,0.0
JA Rudolph,2006,2006,1.0,0.0,0.0,0.0,0.0,0.0,0,0.0
R Telemachus,2006,2007,3.0,0.0,0.0,0.0,0.0,0.0,0,0.0
AC Thomas,2007,2007,1.0,0.0,0.0,0.0,0.0,0.0,0,0.0
HE van der Dussen,2018,2018,2.0,0.0,0.0,0.0,0.0,0.0,0,0.0
JJ van der Wath,2006,2007,8.0,0.0,0.0,0.0,0.0,0.0,0,0.0
VB van Jaarsveld,2009,2009,3.0,0.0,0.0,0.0,0.0,0.0,0,0.0
DJ Vilas,2012,2012,1.0,0.0,0.0,0.0,0.0,0.0,0,0.0
M Zondeki,2006,2006,1.0,0.0,0.0,0.0,0.0,0.0,0,0.0
D Ramdin,2006,2018,68.0,58.0,38.0,20.0,38.0,0.0,4 (0ct 4st),0.852
DJ Bravo,2006,2016,66.0,35.0,35.0,0.0,0.0,35.0,3 (3ct 0st),0.53
DJG Sammy,2007,2016,66.0,30.0,30.0,0.0,0.0,30.0,4 (4ct 0st),0.45399999999999996
KA Pollard,2008,2018,59.0,26.0,26.0,0.0,0.0,26.0,2 (2ct 0st),0.44
ADS Fletcher,2008,2018,42.0,22.0,21.0,1.0,10.0,11.0,3 (2ct 1st),0.523
LMP Simmons,2007,2017,45.0,19.0,19.0,0.0,1.0,18.0,3 (3ct 0st),0.42200000000000004
CR Brathwaite,2011,2018,35.0,17.0,17.0,0.0,0.0,17.0,2 (2ct 0st),0.485
CAK Walton,2014,2018,19.0,15.0,13.0,2.0,10.0,3.0,3 (3ct 0st),0.789
CH Gayle,2006,2018,56.0,14.0,14.0,0.0,0.0,14.0,1 (1ct 0st),0.25
J Charles,2011,2016,34.0,12.0,10.0,2.0,0.0,10.0,2 (2ct 0st),0.35200000000000004
MN Samuels,2007,2018,67.0,12.0,12.0,0.0,0.0,12.0,2 (2ct 0st),0.179
AD Russell,2011,2018,47.0,11.0,11.0,0.0,0.0,11.0,2 (2ct 0st),0.23399999999999999
SJ Benn,2008,2016,24.0,10.0,10.0,0.0,0.0,10.0,3 (3ct 0st),0.41600000000000004
R Powell,2017,2018,20.0,9.0,9.0,0.0,0.0,9.0,2 (2ct 0st),0.45
JE Taylor,2006,2018,30.0,9.0,9.0,0.0,0.0,9.0,1 (1ct 0st),0.3
DR Smith,2006,2015,33.0,8.0,8.0,0.0,0.0,8.0,1 (1ct 0st),0.242
S Badree,2012,2018,50.0,7.0,7.0,0.0,0.0,7.0,2 (2ct 0st),0.14
S Chanderpaul,2006,2010,22.0,7.0,7.0,0.0,0.0,7.0,1 (1ct 0st),0.318
E Lewis,2016,2018,20.0,7.0,7.0,0.0,0.0,7.0,2 (2ct 0st),0.35
SP Narine,2012,2017,48.0,7.0,7.0,0.0,0.0,7.0,2 (2ct 0st),0.145
RR Sarwan,2007,2010,18.0,7.0,7.0,0.0,0.0,7.0,1 (1ct 0st),0.38799999999999996
AR Nurse,2011,2018,12.0,6.0,6.0,0.0,0.0,6.0,2 (2ct 0st),0.5
KOK Williams,2016,2018,18.0,6.0,6.0,0.0,0.0,6.0,1 (1ct 0st),0.33299999999999996
SS Cottrell,2014,2018,10.0,5.0,5.0,0.0,0.0,5.0,2 (2ct 0st),0.5
FH Edwards,2007,2012,20.0,5.0,5.0,0.0,0.0,5.0,1 (1ct 0st),0.25
DM Bravo,2010,2018,17.0,4.0,4.0,0.0,0.0,4.0,2 (2ct 0st),0.235
DP Hyatt,2011,2012,5.0,4.0,4.0,0.0,0.0,4.0,1 (1ct 0st),0.8
FA Allen,2018,2018,6.0,3.0,3.0,0.0,0.0,3.0,2 (2ct 0st),0.5
JO Holder,2014,2017,8.0,3.0,3.0,0.0,0.0,3.0,2 (2ct 0st),0.375
SD Hope,2017,2018,9.0,3.0,3.0,0.0,3.0,0.0,2 (2ct 0st),0.33299999999999996
XM Marshall,2008,2009,6.0,3.0,3.0,0.0,0.0,3.0,1 (1ct 0st),0.5
N Pooran,2016,2018,8.0,3.0,3.0,0.0,0.0,3.0,2 (2ct 0st),0.375
CD Barnwell,2011,2013,6.0,2.0,2.0,0.0,0.0,2.0,1 (1ct 0st),0.33299999999999996
N Deonarine,2010,2013,8.0,2.0,2.0,0.0,0.0,2.0,2 (2ct 0st),0.25
SO Hetmyer,2018,2018,8.0,2.0,2.0,0.0,0.0,2.0,1 (1ct 0st),0.25
A Martin,2011,2011,1.0,2.0,2.0,0.0,0.0,2.0,2 (2ct 0st),2.0
NO Miller,2009,2014,9.0,2.0,2.0,0.0,0.0,2.0,1 (1ct 0st),0.222
RS Morton,2006,2010,7.0,2.0,2.0,0.0,0.0,2.0,1 (1ct 0st),0.285
DBL Powell,2007,2007,5.0,2.0,2.0,0.0,0.0,2.0,1 (1ct 0st),0.4
R Rampaul,2007,2015,23.0,2.0,2.0,0.0,0.0,2.0,1 (1ct 0st),0.086
AB Barath,2010,2011,2.0,1.0,1.0,0.0,0.0,1.0,1 (1ct 0st),0.5
IDR Bradshaw,2006,2006,1.0,1.0,1.0,0.0,0.0,1.0,1 (1ct 0st),1.0
DK Butler,2006,2006,1.0,1.0,1.0,0.0,0.0,1.0,1 (1ct 0st),1.0
SE Findlay,2008,2008,2.0,1.0,1.0,0.0,0.0,1.0,1 (1ct 0st),0.5
ST Gabriel,2013,2013,2.0,1.0,1.0,0.0,0.0,1.0,1 (1ct 0st),0.5
WW Hinds,2006,2010,5.0,1.0,1.0,0.0,0.0,1.0,1 (1ct 0st),0.2
RN Lewis,2008,2008,1.0,1.0,1.0,0.0,0.0,1.0,1 (1ct 0st),1.0
GE Mathurin,2011,2012,3.0,1.0,1.0,0.0,0.0,1.0,1 (1ct 0st),0.33299999999999996
JN Mohammed,2017,2018,9.0,1.0,1.0,0.0,0.0,1.0,1 (1ct 0st),0.111
KMA Paul,2018,2018,13.0,1.0,1.0,0.0,0.0,1.0,1 (1ct 0st),0.076
WKD Perkins,2008,2008,1.0,1.0,1.0,0.0,0.0,1.0,1 (1ct 0st),1.0
K Pierre,2018,2018,3.0,1.0,1.0,0.0,0.0,1.0,1 (1ct 0st),0.33299999999999996
KOA Powell,2014,2014,1.0,1.0,1.0,0.0,0.0,1.0,1 (1ct 0st),1.0
FL Reifer,2009,2009,1.0,1.0,1.0,0.0,0.0,1.0,1 (1ct 0st),1.0
KAJ Roach,2008,2012,11.0,1.0,1.0,0.0,0.0,1.0,1 (1ct 0st),0.09
SE Rutherford,2018,2018,1.0,1.0,1.0,0.0,0.0,1.0,1 (1ct 0st),1.0
K Santokie,2011,2014,12.0,1.0,1.0,0.0,0.0,1.0,1 (1ct 0st),0.083
DS Smith,2007,2009,6.0,1.0,1.0,0.0,0.0,1.0,1 (1ct 0st),0.166
DC Thomas,2009,2013,3.0,1.0,0.0,1.0,0.0,0.0,1 (0ct 1st),0.33299999999999996
GC Tonge,2009,2009,1.0,1.0,1.0,0.0,0.0,1.0,1 (1ct 0st),1.0
LS Baker,2008,2009,3.0,0.0,0.0,0.0,0.0,0.0,0,0.0
MC Bascombe,2011,2011,1.0,0.0,0.0,0.0,0.0,0.0,0,0.0
CS Baugh,2008,2012,3.0,0.0,0.0,0.0,0.0,0.0,0,0.0
DE Bernard,2009,2009,1.0,0.0,0.0,0.0,0.0,0.0,0,0.0
TL Best,2013,2014,6.0,0.0,0.0,0.0,0.0,0.0,0,0.0
D Bishoo,2011,2015,5.0,0.0,0.0,0.0,0.0,0.0,0,0.0
NE Bonner,2011,2012,2.0,0.0,0.0,0.0,0.0,0.0,0,0.0
DO Christian,2011,2011,2.0,0.0,0.0,0.0,0.0,0.0,0,0.0
TM Dowlin,2009,2010,2.0,0.0,0.0,0.0,0.0,0.0,0,0.0
RR Emrit,2018,2018,4.0,0.0,0.0,0.0,0.0,0.0,0,0.0
D Ganga,2006,2006,1.0,0.0,0.0,0.0,0.0,0.0,0,0.0
AM McCarthy,2018,2018,1.0,0.0,0.0,0.0,0.0,0.0,0,0.0
BA Parchment,2007,2007,1.0,0.0,0.0,0.0,0.0,0.0,0,0.0
V Permaul,2018,2018,1.0,0.0,0.0,0.0,0.0,0.0,0,0.0
ACL Richards,2007,2007,1.0,0.0,0.0,0.0,0.0,0.0,0,0.0
DM Richards,2009,2009,1.0,0.0,0.0,0.0,0.0,0.0,0,0.0
OF Smith,2018,2018,2.0,0.0,0.0,0.0,0.0,0.0,0,0.0
O Thomas,2018,2018,6.0,0.0,0.0,0.0,0.0,0.0,0,0.0
BB McCullum,2005,2015,71.0,44.0,36.0,8.0,24.0,12.0,3 (3ct 0st),0.619
LRPL Taylor,2006,2018,84.0,44.0,44.0,0.0,0.0,44.0,3 (3ct 0st),0.523
MJ Guptill,2009,2018,74.0,39.0,39.0,0.0,0.0,39.0,3 (3ct 0st),0.527
L Ronchi,2013,2017,29.0,29.0,24.0,5.0,24.0,0.0,3 (3ct 0st),1.0
NL McCullum,2007,2016,63.0,26.0,26.0,0.0,0.0,26.0,3 (3ct 0st),0.41200000000000003
KS Williamson,2011,2018,53.0,25.0,25.0,0.0,0.0,25.0,3 (3ct 0st),0.47100000000000003
TG Southee,2008,2018,53.0,21.0,21.0,0.0,0.0,21.0,2 (2ct 0st),0.396
CJ Anderson,2012,2018,31.0,19.0,19.0,0.0,0.0,19.0,4 (4ct 0st),0.612
C Munro,2012,2018,47.0,15.0,15.0,0.0,0.0,15.0,2 (2ct 0st),0.319
TC Bruce,2017,2018,13.0,13.0,13.0,0.0,1.0,12.0,3 (3ct 0st),1.0
JEC Franklin,2006,2013,38.0,13.0,13.0,0.0,0.0,13.0,2 (2ct 0st),0.342
TA Boult,2013,2018,25.0,12.0,12.0,0.0,0.0,12.0,3 (3ct 0st),0.48
JDP Oram,2005,2012,36.0,12.0,12.0,0.0,0.0,12.0,2 (2ct 0st),0.33299999999999996
MJ Santner,2015,2018,26.0,12.0,12.0,0.0,0.0,12.0,2 (2ct 0st),0.461
GD Phillips,2017,2018,10.0,11.0,9.0,2.0,7.0,2.0,4 (3ct 1st),1.1
C de Grandhomme,2012,2018,22.0,9.0,9.0,0.0,0.0,9.0,2 (2ct 0st),0.409
PD McGlashan,2006,2010,11.0,9.0,9.0,0.0,9.0,0.0,3 (3ct 0st),0.818
DL Vettori,2007,2014,34.0,9.0,9.0,0.0,0.0,9.0,2 (2ct 0st),0.264
KD Mills,2005,2014,42.0,8.0,8.0,0.0,0.0,8.0,1 (1ct 0st),0.19
IS Sodhi,2014,2018,28.0,8.0,8.0,0.0,0.0,8.0,1 (1ct 0st),0.285
SB Styris,2005,2010,31.0,8.0,8.0,0.0,0.0,8.0,2 (2ct 0st),0.258
MJ McClenaghan,2012,2016,28.0,7.0,7.0,0.0,0.0,7.0,1 (1ct 0st),0.25
JD Ryder,2008,2014,22.0,7.0,7.0,0.0,0.0,7.0,2 (2ct 0st),0.318
GJ Hopkins,2007,2010,10.0,6.0,4.0,2.0,2.0,2.0,2 (2ct 0st),0.6
TWM Latham,2012,2017,13.0,6.0,6.0,0.0,4.0,2.0,3 (3ct 0st),0.461
DAJ Bracewell,2011,2018,16.0,5.0,5.0,0.0,0.0,5.0,1 (1ct 0st),0.312
AF Milne,2010,2018,21.0,5.0,5.0,0.0,0.0,5.0,1 (1ct 0st),0.23800000000000002
JDS Neesham,2012,2017,15.0,5.0,5.0,0.0,0.0,5.0,2 (2ct 0st),0.33299999999999996
RJ Nicol,2010,2013,21.0,5.0,5.0,0.0,0.0,5.0,2 (2ct 0st),0.23800000000000002
SE Bond,2005,2010,20.0,4.0,4.0,0.0,0.0,4.0,1 (1ct 0st),0.2
NT Broom,2009,2017,11.0,4.0,4.0,0.0,0.0,4.0,1 (1ct 0st),0.363
GD Elliott,2009,2016,16.0,4.0,4.0,0.0,0.0,4.0,2 (2ct 0st),0.25
PG Fulton,2006,2012,12.0,4.0,4.0,0.0,0.0,4.0,1 (1ct 0st),0.33299999999999996
JS Patel,2005,2008,11.0,4.0,4.0,0.0,0.0,4.0,1 (1ct 0st),0.363
TL Seifert,2018,2018,7.0,4.0,2.0,2.0,2.0,0.0,1 (1ct 0st),0.5710000000000001
NJ Astle,2005,2006,4.0,3.0,3.0,0.0,0.0,3.0,2 (2ct 0st),0.75
DG Brownlie,2010,2014,5.0,3.0,3.0,0.0,0.0,3.0,1 (1ct 0st),0.6
IG Butler,2009,2013,19.0,3.0,3.0,0.0,0.0,3.0,1 (1ct 0st),0.157
MS Chapman,2018,2018,5.0,3.0,3.0,0.0,0.0,3.0,1 (1ct 0st),0.6
AK Kitchen,2017,2018,4.0,3.0,3.0,0.0,0.0,3.0,2 (2ct 0st),0.75
CD McMillan,2005,2007,8.0,3.0,3.0,0.0,0.0,3.0,2 (2ct 0st),0.375
AJ Redmond,2009,2010,7.0,3.0,3.0,0.0,0.0,3.0,2 (2ct 0st),0.428
BJ Watling,2009,2014,5.0,3.0,3.0,0.0,2.0,1.0,1 (1ct 0st),0.6
TD Astle,2016,2016,2.0,2.0,2.0,0.0,0.0,2.0,1 (1ct 0st),1.0
AP Devcich,2013,2014,4.0,2.0,2.0,0.0,0.0,2.0,2 (2ct 0st),0.5
SP Fleming,2005,2006,5.0,2.0,2.0,0.0,0.0,2.0,1 (1ct 0st),0.4
DR Flynn,2008,2012,5.0,2.0,2.0,0.0,0.0,2.0,1 (1ct 0st),0.4
RM Hira,2012,2013,15.0,2.0,2.0,0.0,0.0,2.0,1 (1ct 0st),0.133
AR Adams,2005,2006,4.0,1.0,1.0,0.0,0.0,1.0,1 (1ct 0st),0.25
GW Aldridge,2011,2011,1.0,1.0,1.0,0.0,0.0,1.0,1 (1ct 0st),1.0
TA Blundell,2017,2018,3.0,1.0,1.0,0.0,1.0,0.0,1 (1ct 0st),0.33299999999999996
CL Cairns,2005,2006,2.0,1.0,1.0,0.0,0.0,1.0,1 (1ct 0st),0.5
LH Ferguson,2017,2018,2.0,1.0,1.0,0.0,0.0,1.0,1 (1ct 0st),0.5
MR Gillespie,2006,2008,11.0,1.0,1.0,0.0,0.0,1.0,1 (1ct 0st),0.09
MJ Henry,2014,2017,6.0,1.0,1.0,0.0,0.0,1.0,1 (1ct 0st),0.166
JM How,2007,2008,5.0,1.0,1.0,0.0,0.0,1.0,1 (1ct 0st),0.2
PJ Ingram,2010,2010,3.0,1.0,1.0,0.0,0.0,1.0,1 (1ct 0st),0.33299999999999996
HJH Marshall,2005,2006,3.0,1.0,1.0,0.0,0.0,1.0,1 (1ct 0st),0.33299999999999996
CS Martin,2007,2008,6.0,1.0,1.0,0.0,0.0,1.0,1 (1ct 0st),0.166
HD Rutherford,2013,2013,7.0,1.0,1.0,0.0,0.0,1.0,1 (1ct 0st),0.142
L Vincent,2006,2007,9.0,1.0,1.0,0.0,0.0,1.0,1 (1ct 0st),0.111
BM Wheeler,2017,2018,6.0,1.0,1.0,0.0,0.0,1.0,1 (1ct 0st),0.166
LJ Woodcock,2010,2011,3.0,1.0,1.0,0.0,0.0,1.0,1 (1ct 0st),0.33299999999999996
GH Worker,2015,2015,2.0,1.0,1.0,0.0,0.0,1.0,1 (1ct 0st),0.5
MD Bates,2012,2012,3.0,0.0,0.0,0.0,0.0,0.0,0,0.0
BJ Diamanti,2009,2009,1.0,0.0,0.0,0.0,0.0,0.0,0,0.0
AM Ellis,2012,2013,5.0,0.0,0.0,0.0,0.0,0.0,0,0.0
PA Hitchcock,2008,2008,1.0,0.0,0.0,0.0,0.0,0.0,0,0.0
AJ McKay,2010,2010,2.0,0.0,0.0,0.0,0.0,0.0,0,0.0
JAH Marshall,2005,2008,3.0,0.0,0.0,0.0,0.0,0.0,0,0.0
MJ Mason,2006,2008,3.0,0.0,0.0,0.0,0.0,0.0,0,0.0
HM Nicholls,2016,2017,4.0,0.0,0.0,0.0,0.0,0.0,0,0.0
IE O'Brien,2009,2009,4.0,0.0,0.0,0.0,0.0,0.0,0,0.0
AY Patel,2018,2018,2.0,0.0,0.0,0.0,0.0,0.0,0,0.0
SHA Rance,2017,2018,4.0,0.0,0.0,0.0,0.0,0.0,0,0.0
MS Sinclair,2005,2007,2.0,0.0,0.0,0.0,0.0,0.0,0,0.0
EP Thompson,2008,2008,1.0,0.0,0.0,0.0,0.0,0.0,0,0.0
DR Tuffey,2005,2010,3.0,0.0,0.0,0.0,0.0,0.0,0,0.0
JW Wilson,2005,2005,1.0,0.0,0.0,0.0,0.0,0.0,0,0.0
MS Dhoni,2006,2018,92.0,87.0,54.0,33.0,54.0,0.0,5 (5ct 0st),0.945
SK Raina,2006,2018,78.0,42.0,42.0,0.0,0.0,42.0,3 (3ct 0st),0.5379999999999999
V Kohli,2010,2018,65.0,33.0,33.0,0.0,0.0,33.0,3 (3ct 0st),0.507
RG Sharma,2007,2018,90.0,33.0,33.0,0.0,0.0,33.0,3 (3ct 0st),0.366
HH Pandya,2016,2018,35.0,21.0,21.0,0.0,0.0,21.0,2 (2ct 0st),0.6
RA Jadeja,2009,2017,40.0,18.0,18.0,0.0,0.0,18.0,2 (2ct 0st),0.45
KD Karthik,2006,2018,25.0,18.0,13.0,5.0,6.0,7.0,3 (3ct 0st),0.72
S Dhawan,2011,2018,46.0,16.0,16.0,0.0,0.0,16.0,2 (2ct 0st),0.34700000000000003
AM Rahane,2011,2016,20.0,16.0,16.0,0.0,0.0,16.0,4 (4ct 0st),0.8
Yuvraj Singh,2007,2017,57.0,12.0,12.0,0.0,0.0,12.0,2 (2ct 0st),0.21
G Gambhir,2007,2012,36.0,11.0,11.0,0.0,0.0,11.0,2 (2ct 0st),0.305
YK Pathan,2007,2012,22.0,9.0,9.0,0.0,0.0,9.0,2 (2ct 0st),0.409
R Ashwin,2010,2017,46.0,8.0,8.0,0.0,0.0,8.0,1 (1ct 0st),0.17300000000000001
YS Chahal,2016,2018,27.0,7.0,7.0,0.0,0.0,7.0,2 (2ct 0st),0.259
Harbhajan Singh,2006,2016,27.0,7.0,7.0,0.0,0.0,7.0,2 (2ct 0st),0.259
JJ Bumrah,2016,2018,40.0,6.0,6.0,0.0,0.0,6.0,2 (2ct 0st),0.15
Kuldeep Yadav,2017,2018,17.0,6.0,6.0,0.0,0.0,6.0,2 (2ct 0st),0.35200000000000004
MK Pandey,2015,2018,28.0,6.0,6.0,0.0,0.0,6.0,2 (2ct 0st),0.214
KL Rahul,2016,2018,25.0,6.0,6.0,0.0,0.0,6.0,2 (2ct 0st),0.24
B Kumar,2012,2018,34.0,5.0,5.0,0.0,0.0,5.0,1 (1ct 0st),0.147
AR Patel,2015,2018,11.0,5.0,5.0,0.0,0.0,5.0,2 (2ct 0st),0.45399999999999996
A Nehra,2009,2017,27.0,4.0,4.0,0.0,0.0,4.0,1 (1ct 0st),0.14800000000000002
KH Pandya,2018,2018,6.0,4.0,4.0,0.0,0.0,4.0,2 (2ct 0st),0.6659999999999999
AT Rayudu,2014,2016,6.0,4.0,4.0,0.0,0.0,4.0,2 (2ct 0st),0.6659999999999999
I Sharma,2008,2013,14.0,4.0,4.0,0.0,0.0,4.0,1 (1ct 0st),0.285
RR Pant,2017,2018,10.0,3.0,3.0,0.0,1.0,2.0,1 (1ct 0st),0.3
SN Thakur,2018,2018,7.0,3.0,3.0,0.0,0.0,3.0,1 (1ct 0st),0.428
JD Unadkat,2016,2018,10.0,3.0,3.0,0.0,0.0,3.0,1 (1ct 0st),0.3
M Vijay,2010,2015,9.0,3.0,3.0,0.0,0.0,3.0,1 (1ct 0st),0.33299999999999996
UT Yadav,2012,2018,6.0,3.0,3.0,0.0,0.0,3.0,1 (1ct 0st),0.5
PP Chawla,2010,2012,7.0,2.0,2.0,0.0,0.0,2.0,2 (2ct 0st),0.285
R Dhawan,2016,2016,1.0,2.0,2.0,0.0,0.0,2.0,2 (2ct 0st),2.0
Joginder Sharma,2007,2007,4.0,2.0,2.0,0.0,0.0,2.0,1 (1ct 0st),0.5
Z Khan,2006,2012,17.0,2.0,2.0,0.0,0.0,2.0,1 (1ct 0st),0.11699999999999999
P Negi,2016,2016,1.0,2.0,2.0,0.0,0.0,2.0,2 (2ct 0st),2.0
IK Pathan,2006,2012,23.0,2.0,2.0,0.0,0.0,2.0,1 (1ct 0st),0.086
V Sehwag,2006,2012,18.0,2.0,2.0,0.0,0.0,2.0,1 (1ct 0st),0.111
RP Singh,2007,2009,9.0,2.0,2.0,0.0,0.0,2.0,1 (1ct 0st),0.222
S Sreesanth,2006,2008,9.0,2.0,2.0,0.0,0.0,2.0,2 (2ct 0st),0.222
MK Tiwary,2011,2012,3.0,2.0,2.0,0.0,0.0,2.0,2 (2ct 0st),0.6659999999999999
RV Uthappa,2007,2015,12.0,2.0,2.0,0.0,1.0,1.0,1 (1ct 0st),0.166
Washington Sundar,2017,2018,7.0,2.0,2.0,0.0,0.0,2.0,1 (1ct 0st),0.285
KK Ahmed,2018,2018,6.0,1.0,1.0,0.0,0.0,1.0,1 (1ct 0st),0.166
AB Dinda,2009,2012,9.0,1.0,1.0,0.0,0.0,1.0,1 (1ct 0st),0.111
SS Iyer,2017,2017,6.0,1.0,1.0,0.0,0.0,1.0,1 (1ct 0st),0.166
KM Jadhav,2015,2017,9.0,1.0,1.0,0.0,0.0,1.0,1 (1ct 0st),0.111
P Kumar,2008,2012,10.0,1.0,1.0,0.0,0.0,1.0,1 (1ct 0st),0.1
Mandeep Singh,2016,2016,3.0,1.0,1.0,0.0,0.0,1.0,1 (1ct 0st),0.33299999999999996
A Mishra,2010,2017,10.0,1.0,1.0,0.0,0.0,1.0,1 (1ct 0st),0.1
Mohammed Siraj,2017,2018,3.0,1.0,1.0,0.0,0.0,1.0,1 (1ct 0st),0.33299999999999996
D Mongia,2006,2006,1.0,1.0,1.0,0.0,0.0,1.0,1 (1ct 0st),1.0
PP Ojha,2009,2010,6.0,1.0,1.0,0.0,0.0,1.0,1 (1ct 0st),0.166
PA Patel,2011,2011,2.0,1.0,1.0,0.0,1.0,0.0,1 (1ct 0st),0.5
SV Samson,2015,2015,1.0,1.0,1.0,0.0,0.0,1.0,1 (1ct 0st),1.0
V Shankar,2018,2018,5.0,1.0,1.0,0.0,0.0,1.0,1 (1ct 0st),0.2
MM Sharma,2014,2015,8.0,1.0,1.0,0.0,0.0,1.0,1 (1ct 0st),0.125
SR Tendulkar,2006,2006,1.0,1.0,1.0,0.0,0.0,1.0,1 (1ct 0st),1.0
S Tyagi,2009,2009,1.0,1.0,1.0,0.0,0.0,1.0,1 (1ct 0st),1.0
R Vinay Kumar,2010,2013,9.0,1.0,1.0,0.0,0.0,1.0,1 (1ct 0st),0.111
AB Agarkar,2006,2007,3.0,0.0,0.0,0.0,0.0,0.0,0,0.0
S Aravind,2015,2015,1.0,0.0,0.0,0.0,0.0,0.0,0,0.0
P Awana,2012,2012,2.0,0.0,0.0,0.0,0.0,0.0,0,0.0
S Badrinath,2011,2011,1.0,0.0,0.0,0.0,0.0,0.0,0,0.0
L Balaji,2012,2012,5.0,0.0,0.0,0.0,0.0,0.0,0,0.0
STR Binny,2015,2016,3.0,0.0,0.0,0.0,0.0,0.0,0,0.0
DL Chahar,2018,2018,1.0,0.0,0.0,0.0,0.0,0.0,0,0.0
R Dravid,2011,2011,1.0,0.0,0.0,0.0,0.0,0.0,0,0.0
M Kartik,2007,2007,1.0,0.0,0.0,0.0,0.0,0.0,0,0.0
S Kaul,2018,2018,2.0,0.0,0.0,0.0,0.0,0.0,0,0.0
DS Kulkarni,2016,2016,2.0,0.0,0.0,0.0,0.0,0.0,0,0.0
Mohammed Shami,2014,2017,7.0,0.0,0.0,0.0,0.0,0.0,0,0.0
NV Ojha,2010,2010,2.0,0.0,0.0,0.0,0.0,0.0,0,0.0
Parvez Rasool,2017,2017,1.0,0.0,0.0,0.0,0.0,0.0,0,0.0
MM Patel,2011,2011,3.0,0.0,0.0,0.0,0.0,0.0,0,0.0
Sandeep Sharma,2015,2015,2.0,0.0,0.0,0.0,0.0,0.0,0,0.0
KV Sharma,2014,2014,1.0,0.0,0.0,0.0,0.0,0.0,0,0.0
R Sharma,2012,2012,2.0,0.0,0.0,0.0,0.0,0.0,0,0.0
BB Sran,2016,2016,2.0,0.0,0.0,0.0,0.0,0.0,0,0.0
Kamran Akmal,2006,2017,58.0,60.0,28.0,32.0,28.0,0.0,4 (0ct 4st),1.034
Umar Akmal,2009,2016,82.0,51.0,49.0,2.0,11.0,38.0,3 (3ct 0st),0.621
Shoaib Malik,2006,2018,107.0,47.0,47.0,0.0,0.0,47.0,3 (3ct 0st),0.439
Sarfraz Ahmed,2010,2018,54.0,42.0,32.0,10.0,32.0,0.0,3 (3ct 0st),0.777
Shahid Afridi,2006,2016,98.0,30.0,30.0,0.0,0.0,30.0,3 (3ct 0st),0.306
Mohammad Hafeez,2006,2018,89.0,25.0,25.0,0.0,0.0,25.0,2 (2ct 0st),0.28
Umar Gul,2007,2016,60.0,18.0,18.0,0.0,0.0,18.0,2 (2ct 0st),0.3
Ahmed Shehzad,2009,2018,57.0,14.0,14.0,0.0,0.0,14.0,2 (2ct 0st),0.245
Misbah-ul-Haq,2007,2012,39.0,14.0,14.0,0.0,0.0,14.0,2 (2ct 0st),0.358
Babar Azam,2016,2018,26.0,12.0,12.0,0.0,0.0,12.0,2 (2ct 0st),0.461
Imad Wasim,2015,2018,31.0,12.0,12.0,0.0,0.0,12.0,2 (2ct 0st),0.387
Saeed Ajmal,2009,2015,64.0,12.0,12.0,0.0,0.0,12.0,2 (2ct 0st),0.187
Younis Khan,2006,2010,25.0,12.0,12.0,0.0,0.0,12.0,2 (2ct 0st),0.48
Fakhar Zaman,2017,2018,26.0,11.0,11.0,0.0,0.0,11.0,2 (2ct 0st),0.423
Imran Nazir,2007,2012,25.0,11.0,11.0,0.0,0.0,11.0,2 (2ct 0st),0.44
Shadab Khan,2017,2018,29.0,9.0,9.0,0.0,0.0,9.0,1 (1ct 0st),0.31
Asif Ali,2018,2018,16.0,8.0,8.0,0.0,0.0,8.0,1 (1ct 0st),0.5
Faheem Ashraf,2017,2018,23.0,7.0,7.0,0.0,0.0,7.0,2 (2ct 0st),0.304
Fawad Alam,2007,2010,24.0,7.0,7.0,0.0,0.0,7.0,2 (2ct 0st),0.29100000000000004
Hasan Ali,2016,2018,27.0,7.0,7.0,0.0,0.0,7.0,1 (1ct 0st),0.259
Sohail Tanvir,2007,2017,57.0,7.0,7.0,0.0,0.0,7.0,1 (1ct 0st),0.122
Abdur Rehman,2007,2013,8.0,6.0,6.0,0.0,0.0,6.0,2 (2ct 0st),0.75
Mohammad Nawaz (3),2016,2018,16.0,6.0,6.0,0.0,0.0,6.0,1 (1ct 0st),0.375
Nasir Jamshed,2012,2013,18.0,6.0,6.0,0.0,0.0,6.0,2 (2ct 0st),0.33299999999999996
Anwar Ali,2008,2016,16.0,5.0,5.0,0.0,0.0,5.0,2 (2ct 0st),0.312
Sharjeel Khan,2013,2016,15.0,5.0,5.0,0.0,0.0,5.0,2 (2ct 0st),0.33299999999999996
Wahab Riaz,2008,2017,27.0,5.0,5.0,0.0,0.0,5.0,1 (1ct 0st),0.185
Hussain Talat,2018,2018,11.0,4.0,4.0,0.0,0.0,4.0,3 (3ct 0st),0.363
Khalid Latif,2008,2016,13.0,4.0,4.0,0.0,0.0,4.0,1 (1ct 0st),0.307
Mohammad Amir,2009,2018,41.0,4.0,4.0,0.0,0.0,4.0,1 (1ct 0st),0.09699999999999999
Sohaib Maqsood,2013,2016,20.0,4.0,4.0,0.0,0.0,4.0,1 (1ct 0st),0.2
Umar Amin,2013,2018,14.0,4.0,4.0,0.0,0.0,4.0,1 (1ct 0st),0.285
Yasir Shah,2011,2011,2.0,4.0,4.0,0.0,0.0,4.0,3 (3ct 0st),2.0
Asad Shafiq,2010,2012,10.0,3.0,3.0,0.0,0.0,3.0,1 (1ct 0st),0.3
Haris Sohail,2013,2018,9.0,3.0,3.0,0.0,0.0,3.0,2 (2ct 0st),0.33299999999999996
Imran Farhat,2010,2011,7.0,3.0,3.0,0.0,0.0,3.0,1 (1ct 0st),0.428
Imran Khan (1),2015,2015,3.0,3.0,3.0,0.0,0.0,3.0,2 (2ct 0st),1.0
Mohammad Asif,2006,2010,11.0,3.0,3.0,0.0,0.0,3.0,1 (1ct 0st),0.272
Mohammad Rizwan,2015,2016,10.0,3.0,2.0,1.0,2.0,0.0,2 (2ct 0st),0.3
Mohammad Sami,2010,2016,13.0,3.0,3.0,0.0,0.0,3.0,1 (1ct 0st),0.23
Salman Butt,2007,2010,24.0,3.0,3.0,0.0,0.0,3.0,1 (1ct 0st),0.125
Shahzaib Hasan,2009,2010,10.0,3.0,3.0,0.0,0.0,3.0,2 (2ct 0st),0.3
Abdul Razzaq,2006,2013,32.0,2.0,2.0,0.0,0.0,2.0,1 (1ct 0st),0.062
Hammad Azam,2012,2013,5.0,2.0,2.0,0.0,0.0,2.0,1 (1ct 0st),0.4
Mansoor Amjad,2008,2008,1.0,2.0,2.0,0.0,0.0,2.0,2 (2ct 0st),2.0
Mohammad Salman,2011,2011,1.0,2.0,1.0,1.0,1.0,0.0,2 (1ct 1st),2.0
Mukhtar Ahmed,2015,2015,6.0,2.0,2.0,0.0,0.0,2.0,1 (1ct 0st),0.33299999999999996
Naved-ul-Hasan,2006,2010,4.0,2.0,2.0,0.0,0.0,2.0,1 (1ct 0st),0.5
Raza Hasan,2012,2014,10.0,2.0,2.0,0.0,0.0,2.0,1 (1ct 0st),0.2
Sahibzada Farhan,2018,2018,3.0,2.0,2.0,0.0,0.0,2.0,2 (2ct 0st),0.6659999999999999
Shakeel Ansar,2012,2012,2.0,2.0,1.0,1.0,1.0,0.0,2 (1ct 1st),1.0
Shoaib Akhtar,2006,2010,15.0,2.0,2.0,0.0,0.0,2.0,1 (1ct 0st),0.133
Bilawal Bhatti,2013,2015,9.0,1.0,1.0,0.0,0.0,1.0,1 (1ct 0st),0.111
Mohammad Irfan,2012,2016,20.0,1.0,1.0,0.0,0.0,1.0,1 (1ct 0st),0.05
Mohammad Yousuf,2006,2010,3.0,1.0,1.0,0.0,0.0,1.0,1 (1ct 0st),0.33299999999999996
Rumman Raees,2016,2018,8.0,1.0,1.0,0.0,0.0,1.0,1 (1ct 0st),0.125
Saad Nasim,2014,2014,3.0,1.0,1.0,0.0,0.0,1.0,1 (1ct 0st),0.33299999999999996
Shoaib Khan jnr,2008,2008,4.0,1.0,1.0,0.0,0.0,1.0,1 (1ct 0st),0.25
Usman Shinwari,2013,2018,13.0,1.0,1.0,0.0,0.0,1.0,1 (1ct 0st),0.076
Yasir Arafat,2007,2012,13.0,1.0,1.0,0.0,0.0,1.0,1 (1ct 0st),0.076
Zulfiqar Babar,2013,2014,7.0,1.0,1.0,0.0,0.0,1.0,1 (1ct 0st),0.142
Zulqarnain Haider,2007,2010,3.0,1.0,0.0,1.0,0.0,0.0,1 (0ct 1st),0.33299999999999996
Aamer Yamin,2015,2018,2.0,0.0,0.0,0.0,0.0,0.0,0,0.0
Abdur Rauf,2008,2008,1.0,0.0,0.0,0.0,0.0,0.0,0,0.0
Aizaz Cheema,2011,2012,5.0,0.0,0.0,0.0,0.0,0.0,0,0.0
Asad Ali,2013,2013,2.0,0.0,0.0,0.0,0.0,0.0,0,0.0
Awais Zia,2012,2014,5.0,0.0,0.0,0.0,0.0,0.0,0,0.0
Iftikhar Ahmed,2016,2016,1.0,0.0,0.0,0.0,0.0,0.0,0,0.0
Iftikhar Anjum,2007,2009,2.0,0.0,0.0,0.0,0.0,0.0,0,0.0
Inzamam-ul-Haq,2006,2006,1.0,0.0,0.0,0.0,0.0,0.0,0,0.0
Junaid Khan,2011,2014,9.0,0.0,0.0,0.0,0.0,0.0,0,0.0
Khurram Manzoor,2016,2016,3.0,0.0,0.0,0.0,0.0,0.0,0,0.0
Nauman Anwar,2015,2015,1.0,0.0,0.0,0.0,0.0,0.0,0,0.0
Rafatullah Mohmand,2015,2015,3.0,0.0,0.0,0.0,0.0,0.0,0,0.0
Rameez Raja (2),2011,2011,2.0,0.0,0.0,0.0,0.0,0.0,0,0.0
Shabbir Ahmed,2007,2007,1.0,0.0,0.0,0.0,0.0,0.0,0,0.0
Shaheen Shah Afridi,2018,2018,7.0,0.0,0.0,0.0,0.0,0.0,0,0.0
Sohail Khan,2008,2017,5.0,0.0,0.0,0.0,0.0,0.0,0,0.0
Tanvir Ahmed,2010,2010,1.0,0.0,0.0,0.0,0.0,0.0,0,0.0
Waqas Maqsood,2018,2018,1.0,0.0,0.0,0.0,0.0,0.0,0,0.0
KC Sangakkara,2006,2014,56.0,45.0,25.0,20.0,25.0,0.0,3 (2ct 1st),0.8029999999999999
LD Chandimal,2010,2018,54.0,37.0,32.0,5.0,15.0,17.0,4 (4ct 0st),0.685
TM Dilshan,2006,2016,80.0,33.0,31.0,2.0,5.0,26.0,2 (2ct 0st),0.41200000000000003
NLTC Perera,2010,2018,71.0,28.0,28.0,0.0,0.0,28.0,2 (2ct 0st),0.39399999999999996
AD Mathews,2009,2018,72.0,23.0,23.0,0.0,0.0,23.0,2 (2ct 0st),0.319
SL Malinga,2006,2018,69.0,18.0,18.0,0.0,0.0,18.0,2 (2ct 0st),0.26
DPMD Jayawardene,2006,2014,55.0,17.0,17.0,0.0,0.0,17.0,2 (2ct 0st),0.309
CK Kapugedera,2006,2017,43.0,17.0,17.0,0.0,0.0,17.0,3 (3ct 0st),0.395
KMDN Kulasekara,2008,2017,58.0,17.0,17.0,0.0,0.0,17.0,2 (2ct 0st),0.293
MDKJ Perera,2013,2018,35.0,13.0,10.0,3.0,4.0,6.0,3 (2ct 1st),0.371
J Mubarak,2007,2009,16.0,9.0,9.0,0.0,0.0,9.0,2 (2ct 0st),0.562
N Dickwella,2016,2018,14.0,8.0,8.0,0.0,8.0,0.0,2 (2ct 0st),0.5710000000000001
HDRL Thirimanne,2012,2016,26.0,8.0,8.0,0.0,0.0,8.0,1 (1ct 0st),0.307
BMAJ Mendis,2011,2018,22.0,7.0,7.0,0.0,0.0,7.0,2 (2ct 0st),0.318
PVD Chameera,2015,2018,19.0,6.0,6.0,0.0,0.0,6.0,2 (2ct 0st),0.315
BAW Mendis,2008,2014,39.0,6.0,6.0,0.0,0.0,6.0,1 (1ct 0st),0.153
TAM Siriwardana,2015,2017,22.0,6.0,6.0,0.0,0.0,6.0,2 (2ct 0st),0.272
A Dananjaya,2012,2018,16.0,5.0,5.0,0.0,0.0,5.0,1 (1ct 0st),0.312
DAS Gunaratne,2016,2017,12.0,5.0,5.0,0.0,0.0,5.0,2 (2ct 0st),0.41600000000000004
LPC Silva,2006,2011,16.0,5.0,5.0,0.0,0.0,5.0,1 (1ct 0st),0.312
MD Gunathilaka,2016,2018,15.0,4.0,4.0,0.0,0.0,4.0,1 (1ct 0st),0.266
ST Jayasuriya,2006,2011,31.0,4.0,4.0,0.0,0.0,4.0,1 (1ct 0st),0.129
SHT Kandamby,2008,2011,5.0,4.0,4.0,0.0,0.0,4.0,2 (2ct 0st),0.8
BKG Mendis,2016,2018,16.0,4.0,4.0,0.0,0.0,4.0,1 (1ct 0st),0.25
S Prasanna,2013,2017,20.0,4.0,4.0,0.0,0.0,4.0,2 (2ct 0st),0.2
S Samarawickrama,2017,2017,5.0,4.0,3.0,1.0,2.0,1.0,2 (1ct 1st),0.8
MD Shanaka,2015,2018,26.0,4.0,4.0,0.0,0.0,4.0,2 (2ct 0st),0.153
K Weeraratne,2008,2009,5.0,4.0,4.0,0.0,0.0,4.0,2 (2ct 0st),0.8
CRD Fernando,2006,2016,18.0,3.0,3.0,0.0,0.0,3.0,1 (1ct 0st),0.166
RAS Lakmal,2011,2018,10.0,3.0,3.0,0.0,0.0,3.0,1 (1ct 0st),0.3
SMSM Senanayake,2012,2016,24.0,3.0,3.0,0.0,0.0,3.0,1 (1ct 0st),0.125
DM de Silva,2015,2018,9.0,2.0,2.0,0.0,0.0,2.0,1 (1ct 0st),0.222
N Pradeep,2016,2018,9.0,2.0,2.0,0.0,0.0,2.0,1 (1ct 0st),0.222
GSNFG Jayasuriya,2015,2016,11.0,2.0,2.0,0.0,0.0,2.0,1 (1ct 0st),0.18100000000000002
HGJM Kulatunga,2008,2008,2.0,2.0,2.0,0.0,0.0,2.0,2 (2ct 0st),1.0
MF Maharoof,2006,2016,8.0,2.0,2.0,0.0,0.0,2.0,1 (1ct 0st),0.25
PADLR Sandakan,2017,2018,5.0,2.0,2.0,0.0,0.0,2.0,1 (1ct 0st),0.4
WU Tharanga,2006,2018,26.0,2.0,2.0,0.0,0.0,2.0,1 (1ct 0st),0.076
T Thushara,2008,2010,6.0,2.0,2.0,0.0,0.0,2.0,1 (1ct 0st),0.33299999999999996
I Udana,2009,2018,18.0,2.0,2.0,0.0,0.0,2.0,1 (1ct 0st),0.111
HMCM Bandara,2006,2009,4.0,1.0,1.0,0.0,0.0,1.0,1 (1ct 0st),0.25
SI de Saram,2009,2009,1.0,1.0,1.0,0.0,0.0,1.0,1 (1ct 0st),1.0
PC de Silva,2017,2017,2.0,1.0,1.0,0.0,0.0,1.0,1 (1ct 0st),0.5
RMS Eranga,2012,2013,3.0,1.0,1.0,0.0,0.0,1.0,1 (1ct 0st),0.33299999999999996
KS Lokuarachchi,2012,2012,2.0,1.0,1.0,0.0,0.0,1.0,1 (1ct 0st),0.5
EMDY Munaweera,2012,2017,13.0,1.0,1.0,0.0,0.0,1.0,1 (1ct 0st),0.076
M Muralitharan,2006,2010,12.0,1.0,1.0,0.0,0.0,1.0,1 (1ct 0st),0.083
AK Perera,2013,2014,2.0,1.0,1.0,0.0,0.0,1.0,1 (1ct 0st),0.5
M Pushpakumara,2009,2009,1.0,1.0,1.0,0.0,0.0,1.0,1 (1ct 0st),1.0
RJMGM Rupasinghe,2009,2009,2.0,1.0,1.0,0.0,0.0,1.0,1 (1ct 0st),0.5
JRMVB Sanjaya,2017,2017,8.0,1.0,1.0,0.0,0.0,1.0,1 (1ct 0st),0.125
JDF Vandersay,2015,2016,7.0,1.0,1.0,0.0,0.0,1.0,1 (1ct 0st),0.142
KDK Vithanage,2014,2016,3.0,1.0,1.0,0.0,0.0,1.0,1 (1ct 0st),0.33299999999999996
MA Aponso,2018,2018,3.0,0.0,0.0,0.0,0.0,0.0,0,0.0
RP Arnold,2006,2006,1.0,0.0,0.0,0.0,0.0,0.0,0,0.0
MS Atapattu,2006,2006,2.0,0.0,0.0,0.0,0.0,0.0,0,0.0
KMC Bandara,2016,2016,1.0,0.0,0.0,0.0,0.0,0.0,0,0.0
ST de Silva,2017,2017,3.0,0.0,0.0,0.0,0.0,0.0,0,0.0
LHD Dilhara,2008,2008,2.0,0.0,0.0,0.0,0.0,0.0,0,0.0
B Fernando,2015,2015,2.0,0.0,0.0,0.0,0.0,0.0,0,0.0
MVT Fernando,2017,2017,1.0,0.0,0.0,0.0,0.0,0.0,0,0.0
HMRKB Herath,2011,2016,17.0,0.0,0.0,0.0,0.0,0.0,0,0.0
CU Jayasinghe,2009,2010,5.0,0.0,0.0,0.0,0.0,0.0,0,0.0
S Randiv,2010,2011,7.0,0.0,0.0,0.0,0.0,0.0,0,0.0
DSK Madushanka,2018,2018,2.0,0.0,0.0,0.0,0.0,0.0,0,0.0
PHKD Mendis,2018,2018,1.0,0.0,0.0,0.0,0.0,0.0,0,0.0
SS Pathirana,2016,2017,5.0,0.0,0.0,0.0,0.0,0.0,0,0.0
MDK Perera,2011,2011,3.0,0.0,0.0,0.0,0.0,0.0,0,0.0
PDRL Perera,2006,2006,2.0,0.0,0.0,0.0,0.0,0.0,0,0.0
KTGD Prasad,2011,2011,1.0,0.0,0.0,0.0,0.0,0.0,0,0.0
SMA Priyanjan,2017,2017,3.0,0.0,0.0,0.0,0.0,0.0,0,0.0
CAK Rajitha,2016,2018,4.0,0.0,0.0,0.0,0.0,0.0,0,0.0
RLB Rambukwella,2013,2016,2.0,0.0,0.0,0.0,0.0,0.0,0,0.0
ML Udawatte,2008,2017,8.0,0.0,0.0,0.0,0.0,0.0,0,0.0
WPUJC Vaas,2006,2007,6.0,0.0,0.0,0.0,0.0,0.0,0,0.0
UWMBCA Welegedara,2010,2010,2.0,0.0,0.0,0.0,0.0,0.0,0,0.0
G Wijekoon,2007,2007,3.0,0.0,0.0,0.0,0.0,0.0,0,0.0
H Masakadza,2006,2018,58.0,20.0,20.0,0.0,0.0,20.0,3 (3ct 0st),0.344
E Chigumbura,2006,2018,53.0,19.0,19.0,0.0,0.0,19.0,2 (2ct 0st),0.358
Sikandar Raza,2013,2018,28.0,17.0,17.0,0.0,0.0,17.0,2 (2ct 0st),0.607
BRM Taylor,2006,2018,30.0,16.0,14.0,2.0,12.0,2.0,3 (3ct 0st),0.5329999999999999
V Sibanda,2007,2016,26.0,12.0,12.0,0.0,0.0,12.0,3 (3ct 0st),0.461
T Taibu,2007,2012,17.0,11.0,6.0,5.0,6.0,0.0,3 (0ct 3st),0.647
SC Williams,2006,2018,26.0,11.0,11.0,0.0,0.0,11.0,2 (2ct 0st),0.423
R Mutumbami,2015,2016,14.0,10.0,7.0,3.0,5.0,2.0,4 (1ct 3st),0.7140000000000001
CJ Chibhabha,2006,2018,33.0,9.0,9.0,0.0,0.0,9.0,2 (2ct 0st),0.272
MN Waller,2011,2018,32.0,9.0,9.0,0.0,0.0,9.0,1 (1ct 0st),0.281
CR Ervine,2010,2015,16.0,8.0,8.0,0.0,0.0,8.0,2 (2ct 0st),0.5
AG Cremer,2008,2018,29.0,6.0,6.0,0.0,0.0,6.0,1 (1ct 0st),0.20600000000000002
P Utseya,2006,2015,35.0,6.0,6.0,0.0,0.0,6.0,1 (1ct 0st),0.171
S Matsikenyeri,2006,2012,10.0,5.0,5.0,0.0,0.0,5.0,2 (2ct 0st),0.5
PJ Moor,2016,2018,16.0,5.0,5.0,0.0,2.0,3.0,2 (2ct 0st),0.312
CB Mpofu,2008,2018,24.0,5.0,5.0,0.0,0.0,5.0,2 (2ct 0st),0.20800000000000002
LM Jongwe,2015,2016,8.0,4.0,4.0,0.0,0.0,4.0,2 (2ct 0st),0.5
T Maruma,2008,2016,10.0,4.0,4.0,0.0,0.0,4.0,1 (1ct 0st),0.4
RW Price,2008,2012,16.0,3.0,3.0,0.0,0.0,3.0,1 (1ct 0st),0.187
GB Brent,2006,2007,3.0,2.0,2.0,0.0,0.0,2.0,2 (2ct 0st),0.6659999999999999
RP Burl,2018,2018,4.0,2.0,2.0,0.0,0.0,2.0,2 (2ct 0st),0.5
TL Chatara,2010,2018,13.0,2.0,2.0,0.0,0.0,2.0,1 (1ct 0st),0.153
CK Coventry,2010,2015,13.0,2.0,2.0,0.0,1.0,1.0,1 (1ct 0st),0.153
KM Dabengwa,2006,2010,8.0,2.0,2.0,0.0,0.0,2.0,1 (1ct 0st),0.25
SW Masakadza,2010,2013,7.0,2.0,2.0,0.0,0.0,2.0,1 (1ct 0st),0.285
TK Musakanda,2018,2018,6.0,2.0,2.0,0.0,0.0,2.0,1 (1ct 0st),0.33299999999999996
B Muzarabani,2018,2018,6.0,2.0,2.0,0.0,0.0,2.0,1 (1ct 0st),0.33299999999999996
T Panyangara,2013,2016,14.0,2.0,2.0,0.0,0.0,2.0,1 (1ct 0st),0.142
DT Tiripano,2016,2018,9.0,2.0,2.0,0.0,0.0,2.0,1 (1ct 0st),0.222
BV Vitori,2012,2016,11.0,2.0,2.0,0.0,0.0,2.0,1 (1ct 0st),0.18100000000000002
C Zhuwao,2008,2018,7.0,2.0,2.0,0.0,0.0,2.0,1 (1ct 0st),0.285
TS Chisoro,2015,2018,12.0,1.0,1.0,0.0,0.0,1.0,1 (1ct 0st),0.083
KM Jarvis,2011,2018,14.0,1.0,1.0,0.0,0.0,1.0,1 (1ct 0st),0.071
N Madziva,2015,2016,9.0,1.0,1.0,0.0,0.0,1.0,1 (1ct 0st),0.111
WP Masakadza,2015,2018,9.0,1.0,1.0,0.0,0.0,1.0,1 (1ct 0st),0.111
B Mavuta,2018,2018,3.0,1.0,1.0,0.0,0.0,1.0,1 (1ct 0st),0.33299999999999996
KO Meth,2012,2012,2.0,1.0,1.0,0.0,0.0,1.0,1 (1ct 0st),0.5
SF Mire,2018,2018,7.0,1.0,1.0,0.0,0.0,1.0,1 (1ct 0st),0.142
N M'shangwe,2013,2014,5.0,1.0,1.0,0.0,0.0,1.0,1 (1ct 0st),0.2
CT Mutombodzi,2013,2016,5.0,1.0,1.0,0.0,0.0,1.0,1 (1ct 0st),0.2
T Muzarabani,2015,2016,9.0,1.0,1.0,0.0,0.0,1.0,1 (1ct 0st),0.111
AM Blignaut,2010,2010,1.0,0.0,0.0,0.0,0.0,0.0,0,0.0
RW Chakabva,2008,2015,5.0,0.0,0.0,0.0,0.0,0.0,0,0.0
AJ Ireland,2006,2006,1.0,0.0,0.0,0.0,0.0,0.0,0,0.0
TP Kamungozi,2014,2014,1.0,0.0,0.0,0.0,0.0,0.0,0,0.0
GA Lamb,2010,2010,5.0,0.0,0.0,0.0,0.0,0.0,0,0.0
T Mupariwa,2007,2008,4.0,0.0,0.0,0.0,0.0,0.0,0,0.0
F Mutizwa,2011,2012,3.0,0.0,0.0,0.0,0.0,0.0,0,0.0
ML Nkala,2006,2006,1.0,0.0,0.0,0.0,0.0,0.0,0,0.0
J Nyumbu,2018,2018,2.0,0.0,0.0,0.0,0.0,0.0,0,0.0
EC Rainsford,2010,2010,2.0,0.0,0.0,0.0,0.0,0.0,0,0.0
PW Borren,2008,2017,41.0,28.0,28.0,0.0,0.0,28.0,4 (4ct 0st),0.682
W Barresi,2012,2018,36.0,27.0,26.0,1.0,26.0,0.0,4 (4ct 0st),0.75
PM Seelaar,2008,2018,42.0,19.0,19.0,0.0,0.0,19.0,2 (2ct 0st),0.452
BN Cooper,2013,2018,29.0,18.0,18.0,0.0,0.0,18.0,2 (2ct 0st),0.62
Ahsan Malik,2012,2017,30.0,13.0,13.0,0.0,0.0,13.0,2 (2ct 0st),0.433
Mudassar Bukhari,2008,2016,36.0,9.0,9.0,0.0,0.0,9.0,2 (2ct 0st),0.25
MR Swart,2012,2016,26.0,7.0,7.0,0.0,0.0,7.0,1 (1ct 0st),0.26899999999999996
RE van der Merwe,2015,2018,11.0,7.0,7.0,0.0,0.0,7.0,2 (2ct 0st),0.636
TLW Cooper,2012,2016,17.0,6.0,6.0,0.0,0.0,6.0,2 (2ct 0st),0.35200000000000004
E Schiferli,2008,2010,6.0,5.0,5.0,0.0,0.0,5.0,1 (1ct 0st),0.833
TN de Grooth,2008,2013,14.0,4.0,4.0,0.0,0.0,4.0,2 (2ct 0st),0.285
TGJ Gruijters,2012,2013,8.0,4.0,4.0,0.0,0.0,4.0,2 (2ct 0st),0.5
AN Kervezee,2009,2012,10.0,4.0,4.0,0.0,0.0,4.0,2 (2ct 0st),0.4
SJ Myburgh,2012,2017,27.0,4.0,4.0,0.0,0.0,4.0,1 (1ct 0st),0.14800000000000002
MJG Rippon,2013,2018,17.0,4.0,4.0,0.0,0.0,4.0,1 (1ct 0st),0.235
ES Szwarczynski,2008,2013,13.0,4.0,4.0,0.0,0.0,4.0,2 (2ct 0st),0.307
DLS van Bunge,2008,2013,13.0,4.0,4.0,0.0,0.0,4.0,2 (2ct 0st),0.307
PA van Meekeren,2013,2018,21.0,4.0,4.0,0.0,0.0,4.0,1 (1ct 0st),0.19
BFW de Leede,2018,2018,4.0,3.0,3.0,0.0,0.0,3.0,1 (1ct 0st),0.75
MP O'Dowd,2015,2018,11.0,3.0,3.0,0.0,0.0,3.0,1 (1ct 0st),0.272
RN ten Doeschate,2008,2018,9.0,3.0,3.0,0.0,0.0,3.0,1 (1ct 0st),0.33299999999999996
LV van Beek,2014,2016,8.0,3.0,3.0,0.0,0.0,3.0,1 (1ct 0st),0.375
AF Buurman,2010,2010,4.0,2.0,1.0,1.0,1.0,0.0,2 (1ct 1st),0.5
SA Edwards,2018,2018,4.0,2.0,1.0,1.0,1.0,0.0,2 (1ct 1st),0.5
MBS Jonkman,2010,2010,3.0,2.0,2.0,0.0,0.0,2.0,2 (2ct 0st),0.6659999999999999
DJ Reekers,2008,2009,5.0,2.0,2.0,0.0,0.0,2.0,1 (1ct 0st),0.4
Sikander Zulfiqar,2016,2018,5.0,2.0,2.0,0.0,0.0,2.0,2 (2ct 0st),0.4
T van der Gugten,2012,2018,26.0,2.0,2.0,0.0,0.0,2.0,1 (1ct 0st),0.076
B Zuiderent,2009,2010,6.0,2.0,2.0,0.0,0.0,2.0,1 (1ct 0st),0.33299999999999996
Mohammad Kashif,2010,2010,3.0,1.0,1.0,0.0,0.0,1.0,1 (1ct 0st),0.33299999999999996
HJC Mol,2008,2008,3.0,1.0,1.0,0.0,0.0,1.0,1 (1ct 0st),0.33299999999999996
J Smits,2008,2009,5.0,1.0,1.0,0.0,1.0,0.0,1 (1ct 0st),0.2
S Snater,2018,2018,3.0,1.0,1.0,0.0,0.0,1.0,1 (1ct 0st),0.33299999999999996
MB van Schelven,2015,2015,2.0,1.0,1.0,0.0,0.0,1.0,1 (1ct 0st),0.5
RI Ahmed,2015,2015,2.0,0.0,0.0,0.0,0.0,0.0,0,0.0
VJ Kingma,2016,2016,1.0,0.0,0.0,0.0,0.0,0.0,0,0.0
FJ Klaassen,2018,2018,4.0,0.0,0.0,0.0,0.0,0.0,0,0.0
DP Nannes,2009,2009,2.0,0.0,0.0,0.0,0.0,0.0,0,0.0
Saqib Zulfiqar,2018,2018,2.0,0.0,0.0,0.0,0.0,0.0,0,0.0
TP Visee,2015,2018,8.0,0.0,0.0,0.0,0.0,0.0,0,0.0
GMC Mol,2008,2008,,,,,,,,
HC Overdijk,2018,2018,,,,,,,,
JD Schoonheim,2008,2008,,,,,,,,
Babar Hayat,2014,2017,24.0,16.0,16.0,0.0,0.0,16.0,4 (4ct 0st),0.6659999999999999
JJ Atkinson,2014,2016,13.0,14.0,14.0,0.0,14.0,0.0,3 (3ct 0st),1.0759999999999998
Nadeem Ahmed,2014,2017,24.0,12.0,12.0,0.0,0.0,12.0,2 (2ct 0st),0.5
Nizakat Khan,2014,2017,23.0,8.0,8.0,0.0,0.0,8.0,2 (2ct 0st),0.34700000000000003
Aizaz Khan,2014,2017,23.0,7.0,7.0,0.0,0.0,7.0,2 (2ct 0st),0.304
Anshuman Rath,2015,2017,20.0,6.0,6.0,0.0,0.0,6.0,1 (1ct 0st),0.3
Waqas Barkat,2014,2017,11.0,5.0,5.0,0.0,0.0,5.0,2 (2ct 0st),0.45399999999999996
MS Chapman,2014,2016,19.0,4.0,4.0,0.0,0.0,4.0,2 (2ct 0st),0.21
Tanwir Afzal,2014,2016,21.0,4.0,4.0,0.0,0.0,4.0,1 (1ct 0st),0.19
C Carter,2015,2017,10.0,3.0,2.0,1.0,2.0,0.0,1 (1ct 0st),0.3
KD Shah,2014,2016,15.0,3.0,3.0,0.0,0.0,3.0,2 (2ct 0st),0.2
Haseeb Amjad,2014,2016,18.0,2.0,2.0,0.0,0.0,2.0,1 (1ct 0st),0.111
Irfan Ahmed,2014,2015,8.0,2.0,2.0,0.0,0.0,2.0,1 (1ct 0st),0.25
RJ Campbell,2016,2016,3.0,1.0,1.0,0.0,0.0,1.0,1 (1ct 0st),0.33299999999999996
Ehsan Khan,2016,2017,4.0,1.0,1.0,0.0,0.0,1.0,1 (1ct 0st),0.25
Munir Dar,2014,2014,2.0,1.0,1.0,0.0,0.0,1.0,1 (1ct 0st),0.5
Shahid Wasif,2016,2017,4.0,1.0,1.0,0.0,0.0,1.0,1 (1ct 0st),0.25
Tanveer Ahmed,2016,2017,5.0,1.0,1.0,0.0,0.0,1.0,1 (1ct 0st),0.2
Anas Khan,2014,2014,1.0,0.0,0.0,0.0,0.0,0.0,0,0.0
Ehsan Nawaz,2014,2017,5.0,0.0,0.0,0.0,0.0,0.0,0,0.0
A Mehmood,2016,2016,2.0,0.0,0.0,0.0,0.0,0.0,0,0.0
Najeeb Amar,2014,2014,1.0,0.0,0.0,0.0,0.0,0.0,0,0.0
Waqas Khan,2014,2017,8.0,0.0,0.0,0.0,0.0,0.0,0,0.0
A Vala,2015,2017,9.0,7.0,7.0,0.0,0.0,7.0,3 (3ct 0st),0.777
L Siaka,2015,2017,9.0,6.0,6.0,0.0,0.0,6.0,3 (3ct 0st),0.6659999999999999
JNT Vare,2015,2017,8.0,6.0,4.0,2.0,4.0,0.0,3 (3ct 0st),0.75
MD Dai,2015,2017,9.0,5.0,5.0,0.0,0.0,5.0,2 (2ct 0st),0.555
N Vanua,2015,2017,9.0,4.0,4.0,0.0,0.0,4.0,1 (1ct 0st),0.444
S Bau,2016,2017,6.0,3.0,3.0,0.0,0.0,3.0,2 (2ct 0st),0.5
CJA Amini,2015,2016,6.0,2.0,2.0,0.0,0.0,2.0,1 (1ct 0st),0.33299999999999996
WT Gavera,2015,2017,6.0,1.0,1.0,0.0,0.0,1.0,1 (1ct 0st),0.166
K Pala,2015,2015,2.0,1.0,1.0,0.0,0.0,1.0,1 (1ct 0st),0.5
CA Soper,2015,2017,5.0,1.0,1.0,0.0,0.0,1.0,1 (1ct 0st),0.2
D Bau,2017,2017,1.0,0.0,0.0,0.0,0.0,0.0,0,0.0
H Hiri,2016,2016,2.0,0.0,0.0,0.0,0.0,0.0,0,0.0
VV Morea,2015,2017,5.0,0.0,0.0,0.0,0.0,0.0,0,0.0
A Nao,2017,2017,2.0,0.0,0.0,0.0,0.0,0.0,0,0.0
L Nou,2015,2015,3.0,0.0,0.0,0.0,0.0,0.0,0,0.0
N Pokana,2016,2016,3.0,0.0,0.0,0.0,0.0,0.0,0,0.0
P Raho,2016,2016,2.0,0.0,0.0,0.0,0.0,0.0,0,0.0
JB Reva,2015,2017,6.0,0.0,0.0,0.0,0.0,0.0,0,0.0
TP Ura,2015,2017,6.0,0.0,0.0,0.0,0.0,0.0,0,0.0
Mushfiqur Rahim,2006,2018,75.0,59.0,31.0,28.0,30.0,1.0,3 (1ct 2st),0.7859999999999999
Mahmudullah,2007,2018,74.0,28.0,28.0,0.0,0.0,28.0,2 (2ct 0st),0.37799999999999995
Sabbir Rahman,2014,2018,40.0,22.0,22.0,0.0,0.0,22.0,3 (3ct 0st),0.55
Soumya Sarkar,2015,2018,40.0,22.0,22.0,0.0,0.0,22.0,2 (2ct 0st),0.55
Shakib Al Hasan,2006,2018,71.0,18.0,18.0,0.0,0.0,18.0,2 (2ct 0st),0.253
Tamim Iqbal,2007,2018,69.0,18.0,18.0,0.0,0.0,18.0,2 (2ct 0st),0.26
Nasir Hossain,2011,2016,30.0,15.0,15.0,0.0,0.0,15.0,2 (2ct 0st),0.5
Abdur Razzak,2006,2014,33.0,10.0,10.0,0.0,0.0,10.0,2 (2ct 0st),0.303
Liton Das,2015,2018,18.0,10.0,10.0,0.0,0.0,10.0,2 (2ct 0st),0.555
Mashrafe Mortaza,2006,2017,53.0,10.0,10.0,0.0,0.0,10.0,3 (3ct 0st),0.188
Mehidy Hasan Miraz,2017,2018,13.0,7.0,7.0,0.0,0.0,7.0,2 (2ct 0st),0.5379999999999999
Mustafizur Rahman,2015,2018,30.0,6.0,6.0,0.0,0.0,6.0,2 (2ct 0st),0.2
Nurul Hasan,2016,2017,9.0,6.0,2.0,4.0,2.0,0.0,2 (0ct 2st),0.6659999999999999
Ariful Haque,2018,2018,9.0,5.0,5.0,0.0,0.0,5.0,1 (1ct 0st),0.555
Mosaddek Hossain,2016,2018,8.0,5.0,5.0,0.0,0.0,5.0,2 (2ct 0st),0.625
Aftab Ahmed,2006,2010,11.0,4.0,4.0,0.0,0.0,4.0,2 (2ct 0st),0.363
Elias Sunny,2012,2012,7.0,4.0,4.0,0.0,0.0,4.0,3 (3ct 0st),0.5710000000000001
Farhad Reza,2006,2014,13.0,4.0,4.0,0.0,0.0,4.0,1 (1ct 0st),0.307
Imrul Kayes,2010,2017,14.0,4.0,4.0,0.0,0.0,4.0,1 (1ct 0st),0.285
Mohammad Ashraful,2007,2013,23.0,4.0,4.0,0.0,0.0,4.0,1 (1ct 0st),0.17300000000000001
Ziaur Rahman,2012,2014,14.0,4.0,4.0,0.0,0.0,4.0,2 (2ct 0st),0.285
Al-Amin Hossain,2013,2016,23.0,3.0,3.0,0.0,0.0,3.0,1 (1ct 0st),0.13
Jahurul Islam,2010,2013,3.0,3.0,3.0,0.0,0.0,3.0,1 (1ct 0st),1.0
Mohammad Mithun,2014,2018,11.0,3.0,3.0,0.0,0.0,3.0,2 (2ct 0st),0.272
Abu Hider,2016,2018,12.0,2.0,2.0,0.0,0.0,2.0,1 (1ct 0st),0.166
Alok Kapali,2007,2011,7.0,2.0,2.0,0.0,0.0,2.0,1 (1ct 0st),0.285
Anamul Haque,2012,2015,12.0,2.0,2.0,0.0,1.0,1.0,1 (1ct 0st),0.166
Mohammad Saifuddin,2017,2018,9.0,2.0,2.0,0.0,0.0,2.0,1 (1ct 0st),0.222
Naeem Islam,2008,2013,10.0,2.0,2.0,0.0,0.0,2.0,1 (1ct 0st),0.2
Nazmul Islam,2018,2018,13.0,2.0,2.0,0.0,0.0,2.0,1 (1ct 0st),0.153
Shamsur Rahman,2013,2014,8.0,2.0,2.0,0.0,0.0,2.0,1 (1ct 0st),0.25
Sohag Gazi,2012,2015,10.0,2.0,2.0,0.0,0.0,2.0,1 (1ct 0st),0.2
Abu Jayed,2018,2018,3.0,1.0,1.0,0.0,0.0,1.0,1 (1ct 0st),0.33299999999999996
Afif Hossain,2018,2018,1.0,1.0,1.0,0.0,0.0,1.0,1 (1ct 0st),1.0
Arafat Sunny,2014,2016,10.0,1.0,1.0,0.0,0.0,1.0,1 (1ct 0st),0.1
Dhiman Ghosh,2008,2008,1.0,1.0,0.0,1.0,0.0,0.0,1 (0ct 1st),1.0
Junaid Siddique,2007,2012,7.0,1.0,1.0,0.0,0.0,1.0,1 (1ct 0st),0.142
Mahedi Hasan,2018,2018,1.0,1.0,1.0,0.0,0.0,1.0,1 (1ct 0st),1.0
Mominul Haque,2012,2014,6.0,1.0,1.0,0.0,0.0,1.0,1 (1ct 0st),0.166
Raqibul Hasan,2008,2010,5.0,1.0,1.0,0.0,0.0,1.0,1 (1ct 0st),0.2
Rubel Hossain,2009,2018,26.0,1.0,1.0,0.0,0.0,1.0,1 (1ct 0st),0.038
Sajedul Islam,2013,2013,1.0,1.0,1.0,0.0,0.0,1.0,1 (1ct 0st),1.0
Shafiul Islam,2010,2017,12.0,1.0,1.0,0.0,0.0,1.0,1 (1ct 0st),0.083
Shahriar Nafees,2006,2006,1.0,1.0,1.0,0.0,0.0,1.0,1 (1ct 0st),1.0
Shuvagata Hom,2016,2016,5.0,1.0,1.0,0.0,0.0,1.0,1 (1ct 0st),0.2
Syed Rasel,2007,2008,8.0,1.0,1.0,0.0,0.0,1.0,1 (1ct 0st),0.125
Taskin Ahmed,2014,2018,17.0,1.0,1.0,0.0,0.0,1.0,1 (1ct 0st),0.057999999999999996
Abul Hasan,2012,2018,5.0,0.0,0.0,0.0,0.0,0.0,0,0.0
Jubair Hossain,2015,2015,1.0,0.0,0.0,0.0,0.0,0.0,0,0.0
Mehrab Hossain jnr,2008,2009,2.0,0.0,0.0,0.0,0.0,0.0,0,0.0
Mohammad Rafique,2006,2006,1.0,0.0,0.0,0.0,0.0,0.0,0,0.0
Mohammad Shahid,2016,2016,1.0,0.0,0.0,0.0,0.0,0.0,0,0.0
Muktar Ali,2016,2016,1.0,0.0,0.0,0.0,0.0,0.0,0,0.0
Nadif Chowdhury,2006,2007,3.0,0.0,0.0,0.0,0.0,0.0,0,0.0
Nazimuddin,2007,2008,7.0,0.0,0.0,0.0,0.0,0.0,0,0.0
Nazmul Hossain,2009,2012,4.0,0.0,0.0,0.0,0.0,0.0,0,0.0
Nazmus Sadat,2006,2006,1.0,0.0,0.0,0.0,0.0,0.0,0,0.0
Robiul Islam,2013,2013,1.0,0.0,0.0,0.0,0.0,0.0,0,0.0
Rony Talukdar,2015,2015,1.0,0.0,0.0,0.0,0.0,0.0,0,0.0
Saqlain Sajib,2016,2016,1.0,0.0,0.0,0.0,0.0,0.0,0,0.0
Shahadat Hossain,2006,2013,6.0,0.0,0.0,0.0,0.0,0.0,0,0.0
Sohrawordi Shuvo,2010,2010,1.0,0.0,0.0,0.0,0.0,0.0,0,0.0
Zakir Hasan,2018,2018,1.0,0.0,0.0,0.0,0.0,0.0,0,0.0
SP Patil,2014,2016,18.0,13.0,9.0,4.0,9.0,0.0,2 (2ct 0st),0.722
Ahmed Raza,2014,2018,22.0,8.0,8.0,0.0,0.0,8.0,1 (1ct 0st),0.363
Ghulam Shabber,2016,2018,9.0,7.0,6.0,1.0,6.0,0.0,2 (1ct 1st),0.777
Rohan Mustafa,2014,2018,25.0,7.0,7.0,0.0,0.0,7.0,2 (2ct 0st),0.28
Shaiman Anwar,2014,2018,27.0,7.0,7.0,0.0,0.0,7.0,1 (1ct 0st),0.259
Amjad Javed,2014,2017,22.0,4.0,4.0,0.0,0.0,4.0,1 (1ct 0st),0.18100000000000002
Fahad Tariq,2016,2016,6.0,4.0,4.0,0.0,0.0,4.0,3 (3ct 0st),0.6659999999999999
Muhammad Usman,2016,2017,19.0,4.0,4.0,0.0,0.0,4.0,1 (1ct 0st),0.21
Saqlain Haider,2016,2016,6.0,4.0,4.0,0.0,0.0,4.0,2 (2ct 0st),0.6659999999999999
Rameez Shahzad,2016,2018,9.0,3.0,3.0,0.0,0.0,3.0,1 (1ct 0st),0.33299999999999996
Amjad Gul,2015,2016,4.0,2.0,2.0,0.0,0.0,2.0,1 (1ct 0st),0.5
Khurram Khan,2014,2014,3.0,2.0,2.0,0.0,0.0,2.0,1 (1ct 0st),0.6659999999999999
Mohammad Naveed,2015,2018,23.0,2.0,2.0,0.0,0.0,2.0,1 (1ct 0st),0.086
Qadeer Ahmed,2015,2016,8.0,2.0,2.0,0.0,0.0,2.0,1 (1ct 0st),0.25
Amjad Ali,2014,2015,5.0,1.0,1.0,0.0,0.0,1.0,1 (1ct 0st),0.2
Farhan Ahmed,2016,2016,3.0,1.0,1.0,0.0,0.0,1.0,1 (1ct 0st),0.33299999999999996
Fayyaz Ahmed,2015,2015,1.0,1.0,1.0,0.0,0.0,1.0,1 (1ct 0st),1.0
AM Guruge,2014,2015,5.0,1.0,1.0,0.0,0.0,1.0,1 (1ct 0st),0.2
Imran Haider,2016,2018,6.0,1.0,1.0,0.0,0.0,1.0,1 (1ct 0st),0.166
Kamran Shazad,2014,2014,3.0,1.0,1.0,0.0,0.0,1.0,1 (1ct 0st),0.33299999999999996
Mohammad Shahzad,2015,2017,20.0,1.0,1.0,0.0,0.0,1.0,1 (1ct 0st),0.05
Mohammad Tauqir,2015,2015,3.0,1.0,1.0,0.0,0.0,1.0,1 (1ct 0st),0.33299999999999996
Mohammed Qasim,2016,2017,3.0,1.0,1.0,0.0,0.0,1.0,1 (1ct 0st),0.33299999999999996
Muhammad Kaleem,2016,2016,9.0,1.0,1.0,0.0,0.0,1.0,1 (1ct 0st),0.111
V Shetty,2014,2014,2.0,1.0,1.0,0.0,0.0,1.0,1 (1ct 0st),0.5
EHSN Silva,2014,2014,2.0,1.0,1.0,0.0,0.0,1.0,1 (1ct 0st),0.5
Zaheer Maqsood,2015,2016,3.0,1.0,1.0,0.0,0.0,1.0,1 (1ct 0st),0.33299999999999996
Zahoor Khan,2017,2018,4.0,1.0,1.0,0.0,0.0,1.0,1 (1ct 0st),0.25
Abdul Shakoor,2015,2015,4.0,0.0,0.0,0.0,0.0,0.0,0,0.0
Adnan Mufti,2017,2017,1.0,0.0,0.0,0.0,0.0,0.0,0,0.0
Amir Hayat,2018,2018,1.0,0.0,0.0,0.0,0.0,0.0,0,0.0
Ashfaq Ahmed,2018,2018,1.0,0.0,0.0,0.0,0.0,0.0,0,0.0
Atif Ali Khan,2016,2016,1.0,0.0,0.0,0.0,0.0,0.0,0,0.0
Chirag Suri,2018,2018,1.0,0.0,0.0,0.0,0.0,0.0,0,0.0
Faizan Asif,2014,2015,6.0,0.0,0.0,0.0,0.0,0.0,0,0.0
Muhammed Shanil,2016,2016,1.0,0.0,0.0,0.0,0.0,0.0,0,0.0
Nasir Aziz,2015,2015,1.0,0.0,0.0,0.0,0.0,0.0,0,0.0
Sharif Asadullah,2014,2014,1.0,0.0,0.0,0.0,0.0,0.0,0,0.0
L Sreekumar,2017,2017,1.0,0.0,0.0,0.0,0.0,0.0,0,0.0
Sultan Ahmed,2017,2017,2.0,0.0,0.0,0.0,0.0,0.0,0,0.0
Umair Ali,2015,2015,3.0,0.0,0.0,0.0,0.0,0.0,0,0.0
Usman Mushtaq,2016,2016,3.0,0.0,0.0,0.0,0.0,0.0,0,0.0
GC Wilson,2008,2018,59.0,36.0,32.0,4.0,21.0,11.0,4 (3ct 1st),0.61
GH Dockrell,2010,2018,51.0,31.0,31.0,0.0,0.0,31.0,3 (3ct 0st),0.607
NJ O'Brien,2008,2016,28.0,27.0,17.0,10.0,15.0,2.0,4 (3ct 1st),0.9640000000000001
WTS Porterfield,2008,2018,59.0,22.0,22.0,0.0,0.0,22.0,2 (2ct 0st),0.3720000000000001
KJ O'Brien,2008,2018,63.0,20.0,20.0,0.0,0.0,20.0,2 (2ct 0st),0.317
SR Thompson,2014,2018,26.0,17.0,17.0,0.0,0.0,17.0,3 (3ct 0st),0.653
PR Stirling,2009,2018,51.0,16.0,16.0,0.0,0.0,16.0,3 (3ct 0st),0.313
JF Mooney,2009,2015,27.0,13.0,13.0,0.0,0.0,13.0,2 (2ct 0st),0.48100000000000004
SW Poynter,2015,2018,17.0,10.0,8.0,2.0,3.0,5.0,2 (1ct 1st),0.588
WB Rankin,2009,2018,28.0,10.0,10.0,0.0,0.0,10.0,2 (2ct 0st),0.35700000000000004
DT Johnston,2008,2013,28.0,9.0,9.0,0.0,0.0,9.0,3 (3ct 0st),0.321
MC Sorensen,2012,2016,24.0,9.0,9.0,0.0,0.0,9.0,2 (2ct 0st),0.375
AC Botha,2008,2010,13.0,8.0,8.0,0.0,0.0,8.0,2 (2ct 0st),0.615
AR Cusack,2008,2015,33.0,7.0,7.0,0.0,0.0,7.0,2 (2ct 0st),0.212
AR McBrine,2014,2017,18.0,6.0,6.0,0.0,0.0,6.0,2 (2ct 0st),0.33299999999999996
A Balbirnie,2015,2018,14.0,5.0,5.0,0.0,0.0,5.0,2 (2ct 0st),0.35700000000000004
EC Joyce,2012,2014,15.0,5.0,5.0,0.0,0.0,5.0,2 (2ct 0st),0.33299999999999996
PKD Chase,2018,2018,6.0,3.0,3.0,0.0,0.0,3.0,1 (1ct 0st),0.5
PC Connell,2008,2010,8.0,3.0,3.0,0.0,0.0,3.0,1 (1ct 0st),0.375
WK McCallan,2008,2009,8.0,3.0,3.0,0.0,0.0,3.0,1 (1ct 0st),0.375
RD McCann,2012,2012,3.0,3.0,1.0,2.0,1.0,0.0,2 (0ct 2st),1.0
TJ Murtagh,2012,2016,14.0,3.0,3.0,0.0,0.0,3.0,1 (1ct 0st),0.214
CA Young,2015,2018,15.0,3.0,3.0,0.0,0.0,3.0,1 (1ct 0st),0.2
JP Bray,2009,2009,2.0,2.0,2.0,0.0,0.0,2.0,1 (1ct 0st),1.0
J Mulder,2016,2017,8.0,2.0,2.0,0.0,0.0,2.0,1 (1ct 0st),0.25
AD Poynter,2012,2016,17.0,2.0,2.0,0.0,0.0,2.0,1 (1ct 0st),0.11699999999999999
Simi Singh,2018,2018,8.0,2.0,2.0,0.0,0.0,2.0,1 (1ct 0st),0.25
AR White,2008,2012,17.0,2.0,2.0,0.0,0.0,2.0,1 (1ct 0st),0.11699999999999999
NG Jones,2010,2012,4.0,1.0,1.0,0.0,0.0,1.0,1 (1ct 0st),0.25
JNK Shannon,2013,2018,8.0,1.0,1.0,0.0,0.0,1.0,1 (1ct 0st),0.125
R Strydom,2008,2008,3.0,1.0,1.0,0.0,0.0,1.0,1 (1ct 0st),0.33299999999999996
SP Terry,2016,2016,1.0,1.0,1.0,0.0,0.0,1.0,1 (1ct 0st),1.0
GJ Thompson,2016,2017,8.0,1.0,1.0,0.0,0.0,1.0,1 (1ct 0st),0.125
L Tucker,2016,2017,4.0,1.0,1.0,0.0,0.0,1.0,1 (1ct 0st),0.25
RM West,2009,2009,5.0,1.0,1.0,0.0,0.0,1.0,1 (1ct 0st),0.2
J Anderson,2015,2015,2.0,0.0,0.0,0.0,0.0,0.0,0,0.0
PS Eaglestone,2010,2010,1.0,0.0,0.0,0.0,0.0,0.0,0,0.0
TE Kane,2015,2018,4.0,0.0,0.0,0.0,0.0,0.0,0,0.0
GE Kidd,2010,2010,1.0,0.0,0.0,0.0,0.0,0.0,0,0.0
J Little,2016,2018,4.0,0.0,0.0,0.0,0.0,0.0,0,0.0
GJ McCarter,2015,2015,2.0,0.0,0.0,0.0,0.0,0.0,0,0.0
BJ McCarthy,2017,2018,6.0,0.0,0.0,0.0,0.0,0.0,0,0.0
DA Rankin,2015,2016,2.0,0.0,0.0,0.0,0.0,0.0,0,0.0
MH Cross,2013,2018,27.0,21.0,14.0,7.0,14.0,0.0,3 (2ct 1st),0.777
KJ Coetzer,2008,2018,43.0,16.0,16.0,0.0,0.0,16.0,2 (2ct 0st),0.3720000000000001
CS MacLeod,2009,2018,34.0,15.0,15.0,0.0,0.0,15.0,2 (2ct 0st),0.441
PL Mommsen,2012,2016,22.0,11.0,11.0,0.0,0.0,11.0,2 (2ct 0st),0.5
JH Davey,2012,2017,13.0,9.0,9.0,0.0,0.0,9.0,2 (2ct 0st),0.6920000000000001
MA Leask,2013,2018,18.0,9.0,9.0,0.0,0.0,9.0,2 (2ct 0st),0.5
CJO Smith,2007,2009,7.0,9.0,5.0,4.0,5.0,0.0,2 (2ct 0st),1.285
RML Taylor,2013,2016,9.0,8.0,8.0,0.0,0.0,8.0,2 (2ct 0st),0.888
MW Machan,2013,2016,13.0,7.0,7.0,0.0,0.0,7.0,1 (1ct 0st),0.5379999999999999
CD Wallace,2012,2017,11.0,7.0,5.0,2.0,5.0,0.0,2 (2ct 0st),0.636
DF Watts,2007,2012,10.0,6.0,6.0,0.0,0.0,6.0,3 (3ct 0st),0.6
RD Berrington,2008,2018,44.0,5.0,5.0,0.0,0.0,5.0,2 (2ct 0st),0.113
AC Evans,2015,2018,14.0,5.0,5.0,0.0,0.0,5.0,1 (1ct 0st),0.35700000000000004
HG Munsey,2015,2018,21.0,5.0,5.0,0.0,0.0,5.0,3 (3ct 0st),0.23800000000000002
DE Budge,2018,2018,6.0,4.0,4.0,0.0,0.0,4.0,1 (1ct 0st),0.6659999999999999
G Goudie,2010,2013,9.0,4.0,4.0,0.0,0.0,4.0,1 (1ct 0st),0.444
RM Haq,2007,2013,20.0,4.0,4.0,0.0,0.0,4.0,2 (2ct 0st),0.2
SM Sharif,2012,2018,28.0,4.0,4.0,0.0,0.0,4.0,2 (2ct 0st),0.142
RR Watson,2007,2010,9.0,4.0,4.0,0.0,0.0,4.0,2 (2ct 0st),0.444
MRJ Watt,2015,2018,21.0,4.0,4.0,0.0,0.0,4.0,1 (1ct 0st),0.19
CD de Lange,2015,2017,7.0,3.0,3.0,0.0,0.0,3.0,1 (1ct 0st),0.428
GM Hamilton,2007,2010,11.0,3.0,3.0,0.0,0.0,3.0,2 (2ct 0st),0.272
MM Iqbal,2012,2013,6.0,3.0,3.0,0.0,0.0,3.0,1 (1ct 0st),0.5
GD Drummond,2008,2013,17.0,2.0,2.0,0.0,0.0,2.0,1 (1ct 0st),0.11699999999999999
Hamza Tahir,2018,2018,3.0,2.0,2.0,0.0,0.0,2.0,1 (1ct 0st),0.6659999999999999
NS Poonia,2007,2010,7.0,2.0,2.0,0.0,0.0,2.0,1 (1ct 0st),0.285
JH Stander,2009,2012,11.0,2.0,2.0,0.0,0.0,2.0,1 (1ct 0st),0.18100000000000002
JAR Blain,2007,2008,5.0,1.0,1.0,0.0,0.0,1.0,1 (1ct 0st),0.2
NM Carter,2013,2013,7.0,1.0,1.0,0.0,0.0,1.0,1 (1ct 0st),0.142
GI Maiden,2008,2008,3.0,1.0,1.0,0.0,0.0,1.0,1 (1ct 0st),0.33299999999999996
GT Main,2015,2016,2.0,1.0,1.0,0.0,0.0,1.0,1 (1ct 0st),0.5
D Murphy,2013,2013,4.0,1.0,1.0,0.0,1.0,0.0,1 (1ct 0st),0.25
JD Nel,2007,2010,9.0,1.0,1.0,0.0,0.0,1.0,1 (1ct 0st),0.111
SJS Smith,2010,2012,5.0,1.0,0.0,1.0,0.0,0.0,1 (0ct 1st),0.2
CB Sole,2017,2018,4.0,1.0,1.0,0.0,0.0,1.0,1 (1ct 0st),0.25
BTJ Wheal,2016,2017,5.0,1.0,1.0,0.0,0.0,1.0,1 (1ct 0st),0.2
CM Wright,2007,2009,2.0,1.0,1.0,0.0,0.0,1.0,1 (1ct 0st),0.5
DR Brown,2007,2007,1.0,0.0,0.0,0.0,0.0,0.0,0,0.0
CG Burnett,2013,2013,1.0,0.0,0.0,0.0,0.0,0.0,0,0.0
FRJ Coleman,2013,2013,1.0,0.0,0.0,0.0,0.0,0.0,0,0.0
R Flannigan,2012,2012,4.0,0.0,0.0,0.0,0.0,0.0,0,0.0
RT Lyons,2010,2010,2.0,0.0,0.0,0.0,0.0,0.0,0,0.0
NFI McCallum,2007,2010,10.0,0.0,0.0,0.0,0.0,0.0,0,0.0
MA Parker,2012,2012,2.0,0.0,0.0,0.0,0.0,0.0,0,0.0
GA Rogers,2008,2009,2.0,0.0,0.0,0.0,0.0,0.0,0,0.0
I Wardlaw,2013,2013,4.0,0.0,0.0,0.0,0.0,0.0,0,0.0
SG Whittingham,2018,2018,3.0,0.0,0.0,0.0,0.0,0.0,0,0.0
Mohammad Shahzad,2010,2018,65.0,54.0,26.0,28.0,26.0,0.0,5 (3ct 2st),0.83
Mohammad Nabi,2010,2018,65.0,34.0,34.0,0.0,0.0,34.0,3 (3ct 0st),0.523
Najibullah Zadran,2012,2018,47.0,23.0,23.0,0.0,0.0,23.0,2 (2ct 0st),0.489
Samiullah Shinwari,2010,2018,60.0,18.0,18.0,0.0,0.0,18.0,1 (1ct 0st),0.3
Gulbadin Naib,2012,2018,38.0,17.0,17.0,0.0,0.0,17.0,2 (2ct 0st),0.447
Asghar Afghan,2010,2018,56.0,16.0,16.0,0.0,0.0,16.0,2 (2ct 0st),0.285
Nawroz Mangal,2010,2017,32.0,16.0,16.0,0.0,0.0,16.0,3 (3ct 0st),0.5
Shafiqullah,2010,2018,41.0,12.0,12.0,0.0,0.0,12.0,3 (3ct 0st),0.292
Rashid Khan,2015,2018,34.0,11.0,11.0,0.0,0.0,11.0,1 (1ct 0st),0.32299999999999995
Usman Ghani,2015,2018,17.0,10.0,10.0,0.0,0.0,10.0,2 (2ct 0st),0.588
Dawlat Zadran,2012,2017,33.0,7.0,7.0,0.0,0.0,7.0,2 (2ct 0st),0.212
Karim Sadiq,2010,2018,36.0,6.0,6.0,0.0,0.0,6.0,1 (1ct 0st),0.166
Mirwais Ashraf,2010,2016,25.0,5.0,5.0,0.0,0.0,5.0,1 (1ct 0st),0.2
Shapoor Zadran,2010,2018,34.0,5.0,5.0,0.0,0.0,5.0,1 (1ct 0st),0.147
Karim Janat,2016,2018,14.0,4.0,4.0,0.0,0.0,4.0,2 (2ct 0st),0.285
Noor Ali Zadran,2010,2017,20.0,4.0,4.0,0.0,0.0,4.0,1 (1ct 0st),0.2
Aftab Alam,2012,2018,12.0,3.0,3.0,0.0,0.0,3.0,2 (2ct 0st),0.25
Mujeeb Ur Rahman,2018,2018,7.0,3.0,3.0,0.0,0.0,3.0,1 (1ct 0st),0.428
M Nasim Baras,2015,2015,3.0,3.0,3.0,0.0,0.0,3.0,2 (2ct 0st),1.0
Hamid Hassan,2010,2016,22.0,2.0,2.0,0.0,0.0,2.0,1 (1ct 0st),0.09
Raees Ahmadzai,2010,2010,8.0,2.0,2.0,0.0,0.0,2.0,1 (1ct 0st),0.25
Afsar Zazai,2013,2013,1.0,1.0,0.0,1.0,0.0,0.0,1 (0ct 1st),1.0
Fareed Ahmad,2016,2018,9.0,1.0,1.0,0.0,0.0,1.0,1 (1ct 0st),0.111
Hazratullah Zazai,2016,2018,3.0,1.0,1.0,0.0,0.0,1.0,1 (1ct 0st),0.33299999999999996
Izatullah Dawlatzai,2012,2012,4.0,1.0,1.0,0.0,0.0,1.0,1 (1ct 0st),0.25
Sayed Shirzad,2015,2016,3.0,1.0,1.0,0.0,0.0,1.0,1 (1ct 0st),0.33299999999999996
Sharafuddin Ashraf,2015,2018,6.0,1.0,1.0,0.0,0.0,1.0,1 (1ct 0st),0.166
Amir Hamza,2013,2017,31.0,0.0,0.0,0.0,0.0,0.0,0,0.0
Dawlat Ahmadzai,2010,2010,2.0,0.0,0.0,0.0,0.0,0.0,0,0.0
Hashmatullah Shahidi,2013,2013,1.0,0.0,0.0,0.0,0.0,0.0,0,0.0
Javed Ahmadi,2012,2017,3.0,0.0,0.0,0.0,0.0,0.0,0,0.0
Najeeb Tarakai,2014,2017,9.0,0.0,0.0,0.0,0.0,0.0,0,0.0
Rokhan Barakzai,2015,2015,3.0,0.0,0.0,0.0,0.0,0.0,0,0.0
Shabir Noori,2012,2012,1.0,0.0,0.0,0.0,0.0,0.0,0,0.0
Yamin Ahmadzai,2015,2015,2.0,0.0,0.0,0.0,0.0,0.0,0,0.0
Zamir Khan,2012,2012,1.0,0.0,0.0,0.0,0.0,0.0,0,0.0
